date,orders,customers,units,gross_revenue,net_revenue,gross_profit,discount_amount,shipping_cost,marketing_spend,impressions,clicks,avg_order_value,margin_rate,roas,cost_per_click,click_through_rate
2024-01-01,44,42,58,10806.67,7845.39,2159.15,928.22,419.13,3542.71,189248,6232,178.30,0.2752,2.2145,0.57,0.0329
2024-01-02,42,42,59,8639.88,7861.50,2755.05,703.84,410.65,3609.18,178211,6561,187.18,0.3504,2.1782,0.55,0.0368
2024-01-03,45,45,68,9190.51,7123.75,2458.00,725.27,428.95,3505.75,202493,7662,158.31,0.3450,2.0320,0.46,0.0378
2024-01-04,46,46,67,6383.05,4816.19,1692.86,555.16,457.70,3506.57,208037,6610,104.70,0.3515,1.3735,0.53,0.0318
2024-01-05,53,52,74,10877.99,7652.34,2191.71,922.81,511.96,3470.04,202907,6829,144.38,0.2864,2.2053,0.51,0.0337
2024-01-06,57,56,81,14646.65,12267.67,3838.94,1140.65,535.18,3665.89,233320,8519,215.22,0.3129,3.3464,0.43,0.0365
2024-01-07,29,29,36,4166.78,3676.25,1331.80,342.13,287.43,3664.88,214033,7315,126.77,0.3623,1.0031,0.50,0.0342
2024-01-08,46,46,78,10936.16,9109.59,3218.57,1099.69,474.42,3704.06,227631,8370,198.03,0.3533,2.4594,0.44,0.0368
2024-01-09,48,47,69,8439.64,5875.84,1369.48,835.86,488.08,3545.51,179756,6345,122.41,0.2331,1.6573,0.56,0.0353
2024-01-10,44,44,64,8033.05,5809.23,1587.10,751.74,421.18,3679.79,214201,7951,132.03,0.2732,1.5787,0.46,0.0371
2024-01-11,46,46,62,8163.99,6541.79,2059.41,712.94,465.18,3785.97,235949,8720,142.21,0.3148,1.7279,0.43,0.0370
2024-01-12,56,56,80,10977.94,9356.25,3312.40,854.17,535.75,3636.10,168316,5756,167.08,0.3540,2.5732,0.63,0.0342
2024-01-13,52,52,68,9511.42,8688.76,3252.75,822.66,523.01,3713.63,168999,6571,167.09,0.3744,2.3397,0.57,0.0389
2024-01-14,29,29,46,6250.21,5626.39,2069.59,549.38,272.00,3765.66,217025,7354,194.01,0.3678,1.4941,0.51,0.0339
2024-01-15,52,52,92,11864.58,9962.72,3488.23,1231.01,547.06,3956.64,239159,8034,191.59,0.3501,2.5180,0.49,0.0336
2024-01-16,45,45,63,7360.62,6108.60,2122.30,606.83,436.26,3901.21,240844,9284,135.75,0.3474,1.5658,0.42,0.0385
2024-01-17,54,52,73,10467.82,7915.79,2238.92,876.89,527.47,3577.27,203599,6009,146.59,0.2828,2.2128,0.60,0.0295
2024-01-18,48,48,72,11214.78,10171.23,3611.47,1043.55,467.76,3713.98,225096,7805,211.90,0.3551,2.7386,0.48,0.0347
2024-01-19,49,49,68,9939.50,8055.47,2711.25,852.70,504.56,3622.61,168212,5995,164.40,0.3366,2.2237,0.60,0.0356
2024-01-20,56,55,81,12992.25,10399.89,3772.20,1186.91,539.00,3674.72,184162,6647,185.71,0.3627,2.8301,0.55,0.0361
2024-01-21,32,32,56,8218.96,6198.32,1907.05,667.66,338.84,3642.99,216236,7712,193.70,0.3077,1.7014,0.47,0.0357
2024-01-22,48,48,73,8767.94,8055.01,2995.83,712.93,470.18,3672.25,182777,6681,167.81,0.3719,2.1935,0.55,0.0366
2024-01-23,57,56,77,10951.57,8866.72,2874.14,999.66,549.02,3890.98,202402,6974,155.56,0.3241,2.2788,0.56,0.0345
2024-01-24,48,48,81,12686.36,10273.04,3544.57,944.59,512.42,3692.52,196208,6825,214.02,0.3450,2.7821,0.54,0.0348
2024-01-25,44,43,64,8668.41,7635.21,2605.47,977.11,450.54,3853.86,215525,7730,173.53,0.3412,1.9812,0.50,0.0359
2024-01-26,57,56,91,12844.52,10872.80,4056.13,966.37,550.99,3756.58,220151,7449,190.75,0.3731,2.8943,0.50,0.0338
2024-01-27,55,55,88,11749.21,8390.64,2793.90,704.06,568.11,3706.34,199558,6544,152.56,0.3330,2.2639,0.57,0.0328
2024-01-28,35,35,58,7467.87,6573.19,2433.93,770.44,338.19,3802.64,189450,5848,187.81,0.3703,1.7286,0.65,0.0309
2024-01-29,48,48,69,10633.79,7944.97,2536.65,1055.91,452.24,3697.71,187693,7382,165.52,0.3193,2.1486,0.50,0.0393
2024-01-30,50,50,82,11501.60,8491.95,2507.16,977.07,513.84,3932.26,222222,7146,169.84,0.2952,2.1596,0.55,0.0322
2024-01-31,52,52,88,11761.88,9293.94,2946.43,1183.44,511.62,3887.16,227235,7916,178.73,0.3170,2.3909,0.49,0.0348
2024-02-01,48,48,74,10642.50,9271.69,3340.52,910.73,480.44,3856.36,219147,7529,193.16,0.3603,2.4043,0.51,0.0344
2024-02-02,60,60,92,12374.94,10146.88,3420.96,1144.63,590.82,3984.27,228614,7686,169.11,0.3371,2.5467,0.52,0.0336
2024-02-03,58,58,83,10947.15,9924.59,3653.43,777.01,591.57,3833.58,179338,6363,171.11,0.3681,2.5889,0.60,0.0355
2024-02-04,36,35,56,7704.49,7106.23,2649.23,556.50,360.88,3865.15,222302,8194,197.40,0.3728,1.8385,0.47,0.0369
2024-02-05,56,56,77,10543.61,8949.40,2994.32,794.73,535.63,4040.12,191515,6777,159.81,0.3346,2.2151,0.60,0.0354
2024-02-06,47,46,85,10336.99,9276.75,3411.31,833.93,493.34,3798.80,208129,8007,197.38,0.3677,2.4420,0.47,0.0385
2024-02-07,58,58,96,14388.46,12894.32,4535.17,1285.81,550.20,3898.23,210046,7965,222.32,0.3517,3.3077,0.49,0.0379
2024-02-08,52,52,80,13571.44,11742.19,3935.88,1056.84,531.26,4001.24,230619,8088,225.81,0.3352,2.9346,0.49,0.0351
2024-02-09,59,58,87,11430.56,10126.03,3602.90,902.53,596.20,4029.40,200535,7007,171.63,0.3558,2.5130,0.58,0.0349
2024-02-10,67,67,87,10591.79,9471.50,3534.60,869.29,649.24,4009.60,235633,8211,141.37,0.3732,2.3622,0.49,0.0348
2024-02-11,39,39,54,7089.03,4877.52,1229.76,695.39,372.96,3836.18,194066,7038,125.06,0.2521,1.2715,0.55,0.0363
2024-02-12,56,56,82,9744.92,7521.80,2668.10,814.46,548.73,3923.97,233875,7789,134.32,0.3547,1.9169,0.50,0.0333
2024-02-13,54,53,82,13077.01,9383.08,2941.06,1118.67,554.63,4112.10,231468,8797,173.76,0.3134,2.2818,0.47,0.0380
2024-02-14,56,54,78,13492.71,11053.70,3410.75,1246.15,534.35,3857.73,222011,7843,197.39,0.3086,2.8653,0.49,0.0353
2024-02-15,51,50,72,10871.84,7936.98,2352.15,765.46,474.14,3915.48,229079,8574,155.63,0.2964,2.0271,0.46,0.0374
2024-02-16,75,75,102,12626.03,10290.21,3557.29,1129.46,714.49,3941.87,228371,7828,137.20,0.3457,2.6105,0.50,0.0343
2024-02-17,63,62,98,11449.95,9744.67,3671.09,958.64,613.19,3715.15,191096,6902,154.68,0.3767,2.6230,0.54,0.0361
2024-02-18,40,39,62,8327.46,6999.27,2361.50,811.51,399.44,3894.13,229467,8947,174.98,0.3374,1.7974,0.44,0.0390
2024-02-19,57,57,84,11262.71,9337.55,3505.63,756.49,527.33,3865.12,211928,7197,163.82,0.3754,2.4158,0.54,0.0340
2024-02-20,46,46,66,8180.05,5745.29,1713.76,580.02,439.43,3997.99,184912,7262,124.90,0.2983,1.4370,0.55,0.0393
2024-02-21,59,58,83,12141.27,9701.31,3123.17,1012.11,582.14,3864.01,240412,8108,164.43,0.3219,2.5107,0.48,0.0337
2024-02-22,44,44,65,11987.19,10433.17,3638.15,707.13,435.80,4075.51,237403,8191,237.12,0.3487,2.5600,0.50,0.0345
2024-02-23,60,58,98,13575.22,10818.33,3835.27,1049.21,577.16,3877.15,220662,8030,180.31,0.3545,2.7903,0.48,0.0364
2024-02-24,53,53,78,9990.01,8853.88,3521.97,873.23,501.26,3824.63,190917,6823,167.05,0.3978,2.3150,0.56,0.0357
2024-02-25,39,39,56,8872.69,6401.88,2287.00,838.07,389.17,3959.34,200302,7316,164.15,0.3572,1.6169,0.54,0.0365
2024-02-26,55,55,85,10910.18,8879.36,2947.01,1014.17,568.25,3874.35,230570,8177,161.44,0.3319,2.2918,0.47,0.0355
2024-02-27,56,56,83,12108.89,9145.38,2403.88,1239.28,554.43,3939.67,223366,8648,163.31,0.2629,2.3214,0.46,0.0387
2024-02-28,59,59,82,11753.35,10216.59,3528.32,994.79,618.57,4117.39,239928,7648,173.16,0.3454,2.4813,0.54,0.0319
2024-02-29,51,51,83,10853.51,9846.39,3509.70,956.80,530.49,3976.06,219337,8388,193.07,0.3564,2.4764,0.47,0.0382
2024-03-01,60,60,91,13798.88,11922.62,4218.92,1018.82,580.30,3877.69,228048,8205,198.71,0.3539,3.0747,0.47,0.0360
2024-03-02,78,76,105,14027.87,11297.75,3559.04,1265.12,756.83,3975.36,205695,7406,144.84,0.3150,2.8419,0.54,0.0360
2024-03-03,50,49,71,9501.04,8619.53,3374.68,653.47,484.35,3952.73,203189,6696,172.39,0.3915,2.1807,0.59,0.0330
2024-03-04,63,63,104,12864.63,10916.66,3888.65,1135.49,628.49,3838.11,199309,6544,173.28,0.3562,2.8443,0.59,0.0328
2024-03-05,62,62,98,11648.47,9887.05,3653.09,1205.82,671.40,4027.31,231071,8097,159.47,0.3695,2.4550,0.50,0.0350
2024-03-06,57,57,92,10795.13,9511.91,3791.89,811.06,559.50,4035.43,175207,6282,166.88,0.3986,2.3571,0.64,0.0359
2024-03-07,52,51,78,13225.01,10138.70,2986.86,937.29,509.84,4179.60,226533,8117,194.97,0.2946,2.4258,0.51,0.0358
2024-03-08,66,64,98,14975.96,11713.72,3845.62,1161.88,622.60,4263.19,240562,9017,177.48,0.3283,2.7476,0.47,0.0375
2024-03-09,76,75,105,16737.39,13232.63,4111.06,1426.28,730.39,4064.03,238407,7946,174.11,0.3107,3.2560,0.51,0.0333
2024-03-10,45,44,72,11169.96,6583.96,1059.14,1147.02,483.49,3972.75,212219,7324,146.31,0.1609,1.6573,0.54,0.0345
2024-03-11,58,57,85,11392.37,9623.53,3350.66,1066.73,560.67,4157.73,219229,8429,165.92,0.3482,2.3146,0.49,0.0384
2024-03-12,60,59,92,15097.60,12584.44,4145.04,1351.92,597.14,3973.28,236018,8250,209.74,0.3294,3.1673,0.48,0.0350
2024-03-13,56,56,77,9896.18,8710.80,3013.76,814.40,545.66,3837.68,211956,7869,155.55,0.3460,2.2698,0.49,0.0371
2024-03-14,58,57,88,13162.27,12111.27,4501.48,787.37,568.96,4270.06,247966,7973,208.81,0.3717,2.8363,0.54,0.0322
2024-03-15,72,71,100,15114.79,12980.72,4498.62,1155.97,694.72,4094.96,247888,8689,180.29,0.3466,3.1699,0.47,0.0351
2024-03-16,78,77,100,15969.11,12309.44,4099.78,1324.89,743.64,3814.75,233866,7784,157.81,0.3331,3.2268,0.49,0.0333
2024-03-17,45,44,64,6388.59,5298.55,1802.23,459.03,445.52,4049.10,246809,8099,117.75,0.3401,1.3086,0.50,0.0328
2024-03-18,60,58,87,12090.41,9835.09,3102.56,1076.22,596.48,3898.57,203778,6777,163.92,0.3155,2.5227,0.58,0.0333
2024-03-19,56,56,87,11662.31,8721.41,2847.08,946.73,552.31,4034.42,206299,7826,155.74,0.3264,2.1618,0.52,0.0379
2024-03-20,78,77,122,18531.20,14850.40,4913.78,1345.91,821.33,3885.09,245244,8429,190.39,0.3309,3.8224,0.46,0.0344
2024-03-21,54,54,82,13430.23,8517.31,1929.93,1309.91,531.22,4172.08,218390,6995,157.73,0.2266,2.0415,0.60,0.0320
2024-03-22,70,69,89,11557.11,9069.54,2799.50,1001.98,707.95,3813.06,233650,7657,129.56,0.3087,2.3785,0.50,0.0328
2024-03-23,79,78,100,14280.15,11211.32,3477.44,959.81,744.10,4054.98,221982,7541,141.92,0.3102,2.7648,0.54,0.0340
2024-03-24,44,43,67,9021.60,5389.51,1290.60,552.55,431.74,4016.11,222542,7211,122.49,0.2395,1.3420,0.56,0.0324
2024-03-25,55,55,74,11747.68,10037.76,3417.34,953.66,515.57,4111.37,207652,7009,182.50,0.3404,2.4415,0.59,0.0338
2024-03-26,66,63,98,13371.46,10466.11,3254.55,1209.70,655.18,4104.05,227596,8160,158.58,0.3110,2.5502,0.50,0.0359
2024-03-27,57,56,86,11822.17,10669.33,4093.79,768.42,543.18,4278.69,215760,8128,187.18,0.3837,2.4936,0.53,0.0377
2024-03-28,55,54,81,12305.40,10640.53,3659.88,1061.22,528.09,3906.57,201124,6574,193.46,0.3440,2.7238,0.59,0.0327
2024-03-29,71,71,97,10715.31,8791.59,3096.20,714.93,688.07,4183.59,248275,8686,123.83,0.3522,2.1014,0.48,0.0350
2024-03-30,76,75,116,15878.05,12044.99,4044.09,1283.26,768.97,3906.61,227543,7191,158.49,0.3357,3.0832,0.54,0.0316
2024-03-31,47,47,61,10178.98,8738.71,2931.10,919.51,459.71,3937.77,225074,7691,185.93,0.3354,2.2192,0.51,0.0342
2024-04-01,59,58,76,11488.58,9563.58,3023.99,1012.82,535.34,3981.80,224052,7847,162.09,0.3162,2.4018,0.51,0.0350
2024-04-02,60,59,83,10334.59,7775.92,2439.94,1077.90,588.78,4213.35,262654,9181,129.60,0.3138,1.8455,0.46,0.0350
2024-04-03,69,69,113,16077.09,12800.81,4284.07,1387.46,673.95,4026.91,245031,7735,185.52,0.3347,3.1788,0.52,0.0316
2024-04-04,68,68,92,13188.15,11067.61,3887.99,888.75,633.20,3950.32,238290,8529,162.76,0.3513,2.8017,0.46,0.0358
2024-04-05,64,63,99,12971.24,10688.49,3582.60,1161.29,653.91,4167.50,235165,8892,167.01,0.3352,2.5647,0.47,0.0378
2024-04-06,75,73,113,16520.37,14211.06,4837.97,1415.73,777.94,4288.96,238301,9672,189.48,0.3404,3.3134,0.44,0.0406
2024-04-07,53,53,72,9780.08,6830.08,1961.02,1111.74,504.07,4094.15,226038,7955,128.87,0.2871,1.6683,0.51,0.0352
2024-04-08,62,61,91,12741.77,10987.64,3788.90,910.81,612.94,4003.86,200291,7668,177.22,0.3448,2.7443,0.52,0.0383
2024-04-09,67,64,98,12321.13,10867.82,4070.74,855.81,672.22,3842.86,213899,6788,162.21,0.3746,2.8281,0.57,0.0317
2024-04-10,67,67,97,11119.14,8244.38,2460.89,857.29,660.19,4000.56,215203,7421,123.05,0.2985,2.0608,0.54,0.0345
2024-04-11,54,54,75,9014.44,7680.58,2812.48,712.73,525.98,3791.45,218354,8436,142.23,0.3662,2.0258,0.45,0.0386
2024-04-12,67,67,97,12141.17,9537.77,3462.60,1119.12,653.82,4043.35,223706,8016,142.35,0.3630,2.3589,0.50,0.0358
2024-04-13,76,76,121,15899.65,13993.47,5292.19,1328.17,739.70,3946.33,216247,7738,184.12,0.3782,3.5459,0.51,0.0358
2024-04-14,48,47,72,10944.75,8735.54,2759.54,698.48,484.05,4003.15,236721,7945,181.99,0.3159,2.1822,0.50,0.0336
2024-04-15,56,54,80,12370.39,9407.05,3412.51,1043.77,564.26,3963.51,240794,8643,167.98,0.3628,2.3734,0.46,0.0359
2024-04-16,57,54,72,9169.87,6848.87,1964.55,686.21,548.24,3886.96,231579,7564,120.16,0.2868,1.7620,0.51,0.0327
2024-04-17,70,69,110,14027.81,11914.49,4247.83,984.25,693.66,4156.62,264208,8565,170.21,0.3565,2.8664,0.49,0.0324
2024-04-18,52,52,66,7420.20,6470.47,2297.21,606.15,490.46,4226.16,254146,10177,124.43,0.3550,1.5311,0.42,0.0400
2024-04-19,58,57,82,11806.25,9627.72,3526.62,978.84,541.46,3820.38,202916,7356,166.00,0.3663,2.5201,0.52,0.0363
2024-04-20,79,79,118,17904.01,15070.47,5195.73,1291.25,771.53,3990.44,228891,8236,190.77,0.3448,3.7766,0.48,0.0360
2024-04-21,46,46,70,8835.02,7354.19,2597.64,721.83,429.85,4089.35,203614,7099,159.87,0.3532,1.7984,0.58,0.0349
2024-04-22,63,62,107,13708.58,11977.70,4356.33,1271.93,626.88,4079.15,193401,6338,190.12,0.3637,2.9363,0.64,0.0328
2024-04-23,67,66,92,10768.57,9023.94,3203.31,850.99,627.18,4121.48,217440,8788,134.69,0.3550,2.1895,0.47,0.0404
2024-04-24,64,62,97,12060.25,11054.35,4199.33,974.28,638.32,3929.19,204458,7556,172.72,0.3799,2.8134,0.52,0.0370
2024-04-25,57,57,88,12877.26,10746.08,3638.19,1030.12,579.49,3959.24,177736,6863,188.53,0.3386,2.7142,0.58,0.0386
2024-04-26,71,69,111,20185.03,16763.98,5440.60,1656.50,680.31,3906.03,207945,7727,236.11,0.3245,4.2918,0.51,0.0372
2024-04-27,87,85,120,17381.08,13239.57,4134.80,1590.30,829.83,4030.42,216519,7093,152.18,0.3123,3.2849,0.57,0.0328
2024-04-28,45,44,64,7449.75,6922.31,2529.23,527.44,459.08,3973.21,178522,6070,153.83,0.3654,1.7422,0.65,0.0340
2024-04-29,63,63,92,14629.57,11158.83,3398.99,1371.58,608.72,4116.82,213775,8374,177.12,0.3046,2.7105,0.49,0.0392
2024-04-30,61,59,82,10765.13,9145.18,3097.97,923.33,607.89,4099.74,234179,9190,149.92,0.3388,2.2307,0.45,0.0392
2024-05-01,76,74,104,13430.53,10893.01,3563.50,929.04,734.01,4062.01,213673,8029,143.33,0.3271,2.6817,0.51,0.0376
2024-05-02,68,67,113,18566.11,15908.13,5487.60,1597.36,692.60,4165.18,251619,9395,233.94,0.3450,3.8193,0.44,0.0373
2024-05-03,78,77,109,17002.23,12481.49,3591.07,1483.50,763.76,4005.95,234424,8237,160.02,0.2877,3.1157,0.49,0.0351
2024-05-04,72,72,104,13238.22,10806.02,3627.00,1142.53,744.95,3909.49,206648,7412,150.08,0.3356,2.7640,0.53,0.0359
2024-05-05,36,36,49,6621.28,6028.14,2129.92,593.14,350.22,4003.85,192955,7012,167.45,0.3533,1.5056,0.57,0.0363
2024-05-06,70,70,97,14122.57,11450.55,3508.54,1116.23,671.38,3951.81,217805,8816,163.58,0.3064,2.8975,0.45,0.0405
2024-05-07,77,76,114,15040.74,12165.82,4154.12,1108.57,782.97,4001.56,212176,7574,158.00,0.3415,3.0403,0.53,0.0357
2024-05-08,75,75,103,14492.30,11931.55,4190.90,924.99,724.60,4107.07,213763,8288,159.09,0.3512,2.9051,0.50,0.0388
2024-05-09,67,67,103,14629.94,12499.31,4538.22,1095.78,663.87,4032.07,225453,7896,186.56,0.3631,3.1000,0.51,0.0350
2024-05-10,67,65,105,15322.60,13363.21,4900.88,1170.13,633.03,3893.82,198339,7337,199.45,0.3667,3.4319,0.53,0.0370
2024-05-11,97,95,139,17810.98,14852.14,5049.49,1358.22,897.67,3692.36,207985,6702,153.11,0.3400,4.0224,0.55,0.0322
2024-05-12,42,42,71,14195.52,12013.47,4317.15,1146.68,439.10,3737.16,200416,7121,286.03,0.3594,3.2146,0.52,0.0355
2024-05-13,67,66,89,12766.58,10157.03,3404.63,1008.29,683.06,3907.74,210336,7397,151.60,0.3352,2.5992,0.53,0.0352
2024-05-14,72,72,100,13357.48,11720.78,4243.13,1101.92,725.22,4229.82,225375,7155,162.79,0.3620,2.7710,0.59,0.0317
2024-05-15,71,71,114,17555.91,15378.30,5626.24,1015.17,689.25,3965.76,232496,7498,216.60,0.3659,3.8778,0.53,0.0323
2024-05-16,61,61,93,13772.15,10654.28,3197.34,1113.52,626.89,3872.28,189001,5498,174.66,0.3001,2.7514,0.70,0.0291
2024-05-17,67,67,104,15460.85,13465.54,4787.10,1278.02,669.32,3670.96,201223,6717,200.98,0.3555,3.6681,0.55,0.0334
2024-05-18,79,76,122,15755.71,13351.23,4975.92,1196.29,792.48,3925.03,217500,7406,169.00,0.3727,3.4016,0.53,0.0341
2024-05-19,41,41,63,10368.79,9396.81,3465.33,877.10,428.32,3843.34,257845,7761,229.19,0.3688,2.4450,0.50,0.0301
2024-05-20,68,68,104,12520.88,10694.25,3699.53,1061.83,684.22,3755.22,191970,6216,157.27,0.3459,2.8478,0.60,0.0324
2024-05-21,66,65,112,12494.52,10368.25,3825.31,1172.60,656.42,3956.93,217694,8688,157.09,0.3689,2.6203,0.46,0.0399
2024-05-22,70,70,104,16206.70,12481.87,3760.39,1303.78,697.50,3766.45,181716,6639,178.31,0.3013,3.3140,0.57,0.0365
2024-05-23,67,66,103,12911.44,10471.71,4110.07,880.18,677.18,3714.12,228604,7667,156.29,0.3925,2.8194,0.48,0.0335
2024-05-24,71,70,117,14486.50,12379.70,4386.81,1226.54,708.32,3900.28,243989,7927,174.36,0.3544,3.1741,0.49,0.0325
2024-05-25,91,91,134,17252.10,13788.55,4578.80,1319.85,906.72,3781.60,219157,7993,151.52,0.3321,3.6462,0.47,0.0365
2024-05-26,45,45,69,9388.53,8434.92,3109.76,757.12,450.46,3833.85,200292,7045,187.44,0.3687,2.2001,0.54,0.0352
2024-05-27,61,60,86,10511.02,8751.45,2890.49,1093.40,593.70,3825.56,232885,8568,143.47,0.3303,2.2876,0.45,0.0368
2024-05-28,70,69,107,15864.96,12964.48,4508.63,1283.88,688.34,3865.97,223737,8179,185.21,0.3478,3.3535,0.47,0.0366
2024-05-29,60,60,87,12090.57,10910.90,3909.21,985.92,579.99,3872.16,230312,8053,181.85,0.3583,2.8178,0.48,0.0350
2024-05-30,62,61,95,11479.98,9763.64,3520.55,1120.45,608.34,3921.82,205362,7097,157.48,0.3606,2.4896,0.55,0.0346
2024-05-31,80,80,124,18294.44,16773.45,6193.38,1264.36,760.77,3766.82,241602,8143,209.67,0.3692,4.4529,0.46,0.0337
2024-06-01,83,81,128,17797.10,14024.67,4444.98,1435.14,845.96,3783.30,181791,6425,168.97,0.3169,3.7070,0.59,0.0353
2024-06-02,46,46,71,9895.78,8323.14,3002.68,879.94,475.80,3836.89,208071,7044,180.94,0.3608,2.1692,0.54,0.0339
2024-06-03,72,72,114,16640.85,13086.68,4196.67,1639.08,681.62,3737.93,222553,8414,181.76,0.3207,3.5011,0.44,0.0378
2024-06-04,68,66,109,15310.39,13463.29,5092.50,1205.09,673.63,3855.88,215317,7847,197.99,0.3783,3.4916,0.49,0.0364
2024-06-05,67,65,101,13621.25,9255.63,2824.40,962.54,631.21,3695.49,183176,6901,138.14,0.3052,2.5046,0.54,0.0377
2024-06-06,63,62,96,12884.10,11194.33,4004.26,1038.72,628.31,3831.32,233276,8324,177.69,0.3577,2.9218,0.46,0.0357
2024-06-07,75,74,104,12670.89,10263.05,3528.48,1153.96,743.90,3716.47,196643,7438,136.84,0.3438,2.7615,0.50,0.0378
2024-06-08,90,90,133,16018.04,11195.43,3261.23,1540.52,871.15,3643.39,180807,5416,124.39,0.2913,3.0728,0.67,0.0300
2024-06-09,55,53,86,10286.49,8890.92,3275.70,856.26,546.92,3640.95,201475,7186,161.65,0.3684,2.4419,0.51,0.0357
2024-06-10,59,59,102,13632.86,11113.09,3959.49,1065.85,584.18,3595.30,193833,6405,188.36,0.3563,3.0910,0.56,0.0330
2024-06-11,75,75,115,17623.28,15937.55,5611.60,1498.69,772.34,3751.00,206207,7691,212.50,0.3521,4.2489,0.49,0.0373
2024-06-12,71,69,99,14727.97,12174.51,4187.41,1321.42,659.82,3755.61,217705,8648,171.47,0.3439,3.2417,0.43,0.0397
2024-06-13,68,67,93,12569.35,9744.65,2873.74,1089.67,642.35,3799.27,189604,6849,143.30,0.2949,2.5649,0.55,0.0361
2024-06-14,74,74,117,12966.72,10440.08,3749.48,1009.06,737.38,3871.37,209882,7208,141.08,0.3591,2.6967,0.54,0.0343
2024-06-15,77,77,115,15220.62,13389.00,4742.04,1463.69,756.05,3872.37,200544,7066,173.88,0.3542,3.4576,0.55,0.0352
2024-06-16,41,41,54,6270.54,5193.38,1811.58,504.61,380.03,3738.96,179246,6003,126.67,0.3488,1.3890,0.62,0.0335
2024-06-17,69,68,115,15982.86,12686.26,4256.15,1443.58,713.50,3548.17,188353,6651,183.86,0.3355,3.5754,0.53,0.0353
2024-06-18,72,72,119,17458.11,15811.96,5859.73,1509.42,714.03,3688.96,206356,7451,219.61,0.3706,4.2863,0.50,0.0361
2024-06-19,68,66,105,15945.05,12440.03,3772.78,1166.31,626.25,3545.03,209918,7049,182.94,0.3033,3.5091,0.50,0.0336
2024-06-20,62,61,84,11535.42,7739.81,1930.86,930.79,605.12,3763.34,232330,8247,124.84,0.2495,2.0566,0.46,0.0355
2024-06-21,77,77,106,14896.02,12977.52,4873.58,1158.84,750.86,3698.24,230464,8289,168.54,0.3755,3.5091,0.45,0.0360
2024-06-22,92,90,127,17083.68,13575.23,4475.91,1614.06,900.98,3638.02,173501,6517,147.56,0.3297,3.7315,0.56,0.0376
2024-06-23,43,43,54,7381.34,5662.37,1725.94,694.84,435.61,3752.45,241993,8632,131.68,0.3048,1.5090,0.43,0.0357
2024-06-24,73,73,109,16663.30,13655.20,4592.88,1557.88,744.82,3466.79,230308,7783,187.06,0.3363,3.9389,0.45,0.0338
2024-06-25,66,65,90,15107.74,13033.93,4304.51,1168.92,656.07,3654.00,204784,8158,197.48,0.3303,3.5670,0.45,0.0398
2024-06-26,62,61,97,14472.73,12139.82,4056.67,1046.31,607.75,3537.99,238552,8438,195.80,0.3342,3.4313,0.42,0.0354
2024-06-27,72,72,104,14963.85,12861.33,4430.21,1133.12,724.32,3655.77,156005,5766,178.63,0.3445,3.5181,0.63,0.0370
2024-06-28,85,84,129,18868.33,14618.91,4730.57,1550.43,848.70,3709.73,208712,7679,171.99,0.3236,3.9407,0.48,0.0368
2024-06-29,73,72,112,15978.36,12615.16,4033.83,1358.96,742.18,3635.08,214312,7954,172.81,0.3198,3.4704,0.46,0.0371
2024-06-30,45,45,65,7944.55,6886.67,2488.78,587.87,451.34,3589.22,181706,6352,153.04,0.3614,1.9187,0.57,0.0350
2024-07-01,56,55,86,13103.57,10196.31,3213.15,1310.78,546.40,3673.98,193535,7619,182.08,0.3151,2.7753,0.48,0.0394
2024-07-02,61,60,93,12797.99,11212.50,3954.00,790.03,610.19,3738.69,180770,7187,183.81,0.3526,2.9990,0.52,0.0398
2024-07-03,57,57,85,12434.20,10689.18,3801.37,1096.41,564.03,3482.84,169199,5958,187.53,0.3556,3.0691,0.58,0.0352
2024-07-04,67,67,102,14911.53,12970.07,4611.91,1299.99,669.06,3427.45,183729,6261,193.58,0.3556,3.7842,0.55,0.0341
2024-07-05,68,67,100,12837.76,10225.16,3399.12,1125.22,663.15,3440.14,188788,6394,150.37,0.3324,2.9723,0.54,0.0339
2024-07-06,65,64,100,13494.85,12075.03,4503.29,1231.13,654.92,3612.97,170874,6730,185.77,0.3729,3.3421,0.54,0.0394
2024-07-07,44,43,68,11204.50,10190.27,3744.38,909.83,446.21,3402.94,198974,7581,231.60,0.3674,2.9945,0.45,0.0381
2024-07-08,64,63,87,11089.59,8922.46,3142.05,1147.03,632.01,3492.46,176535,6440,139.41,0.3522,2.5548,0.54,0.0365
2024-07-09,59,56,86,14282.65,12420.25,4283.00,1350.42,579.26,3789.82,212917,7418,210.51,0.3448,3.2773,0.51,0.0348
2024-07-10,66,66,92,13758.76,12189.42,4467.43,1090.98,620.14,3645.37,198265,6906,184.69,0.3665,3.3438,0.53,0.0348
2024-07-11,62,62,91,11274.50,8316.99,2620.51,691.46,621.12,3512.98,191679,7125,134.15,0.3151,2.3675,0.49,0.0372
2024-07-12,68,67,106,10394.58,8253.39,2865.51,724.98,670.57,3439.46,203261,7493,121.37,0.3472,2.3996,0.46,0.0369
2024-07-13,79,75,114,18223.58,13763.25,3955.84,1503.53,793.96,3522.38,220231,8445,174.22,0.2874,3.9074,0.42,0.0383
2024-07-14,46,46,64,7829.36,7192.27,2745.05,637.09,443.22,3543.08,171188,6578,156.35,0.3817,2.0299,0.54,0.0384
2024-07-15,67,65,91,10936.85,9035.68,3108.33,809.37,645.19,3603.81,181644,6384,134.86,0.3440,2.5073,0.56,0.0351
2024-07-16,63,63,93,13564.82,12127.26,4257.93,859.36,608.58,3525.18,198812,6645,192.50,0.3511,3.4402,0.53,0.0334
2024-07-17,66,66,99,14192.93,12238.31,4564.60,1117.55,626.62,3368.24,204038,7357,185.43,0.3730,3.6334,0.46,0.0361
2024-07-18,64,64,91,13319.46,9705.34,2772.57,1062.20,653.06,3578.07,199910,6748,151.65,0.2857,2.7125,0.53,0.0338
2024-07-19,72,72,107,13536.45,8829.52,2286.42,1253.35,712.35,3415.05,178741,6099,122.63,0.2590,2.5855,0.56,0.0341
2024-07-20,82,80,124,17779.52,15684.90,5512.58,1293.09,840.52,3662.75,202008,7248,191.28,0.3515,4.2823,0.51,0.0359
2024-07-21,37,37,57,7675.64,7062.60,2790.98,436.48,348.12,3476.20,178773,6418,190.88,0.3952,2.0317,0.54,0.0359
2024-07-22,62,61,84,11558.03,8701.47,2474.60,967.84,598.78,3391.75,210172,7116,140.35,0.2844,2.5655,0.48,0.0339
2024-07-23,67,66,97,13272.67,10333.44,3512.95,1348.44,624.37,3606.09,206876,7326,154.23,0.3400,2.8656,0.49,0.0354
2024-07-24,65,64,92,11877.26,9173.60,2762.25,1084.21,635.55,3380.09,176729,6292,141.13,0.3011,2.7140,0.54,0.0356
2024-07-25,63,61,90,12969.78,10779.59,3923.11,792.01,625.91,3682.83,225165,7931,171.10,0.3639,2.9270,0.46,0.0352
2024-07-26,66,66,94,13812.35,11038.92,3599.87,1150.83,641.85,3302.37,197313,6388,167.26,0.3261,3.3427,0.52,0.0324
2024-07-27,75,75,105,15371.94,13675.51,4959.58,1250.56,728.63,3225.79,179243,6266,182.34,0.3627,4.2394,0.51,0.0350
2024-07-28,44,44,60,7361.70,6226.80,2084.09,669.44,425.91,3465.29,189894,7429,141.52,0.3347,1.7969,0.47,0.0391
2024-07-29,69,68,101,13738.16,11965.93,4297.16,1038.75,708.52,3561.29,198852,7027,173.42,0.3591,3.3600,0.51,0.0353
2024-07-30,62,62,89,11232.14,8452.19,2744.32,1081.40,609.55,3446.70,169023,6398,136.33,0.3247,2.4523,0.54,0.0379
2024-07-31,60,60,85,12061.76,9456.82,2830.33,1302.92,554.41,3383.63,166888,5592,157.61,0.2993,2.7949,0.61,0.0335
2024-08-01,64,63,97,13009.49,9622.31,2860.72,988.74,638.43,3278.63,204393,7803,150.35,0.2973,2.9349,0.42,0.0382
2024-08-02,59,58,91,13635.50,12168.10,4703.46,789.90,578.98,3371.22,203998,7473,206.24,0.3865,3.6094,0.45,0.0366
2024-08-03,78,77,114,16723.75,14245.35,4977.20,1152.32,764.23,3313.31,205739,7069,182.63,0.3494,4.2994,0.47,0.0344
2024-08-04,45,45,63,9028.53,7997.00,3083.36,591.18,412.72,3459.70,206101,8034,177.71,0.3856,2.3115,0.43,0.0390
2024-08-05,62,60,102,16099.88,13722.35,4720.35,1479.97,648.70,3429.93,162834,6211,221.33,0.3440,4.0008,0.55,0.0381
2024-08-06,64,63,83,10608.63,8653.84,2947.45,876.24,605.14,3410.40,204593,6886,135.22,0.3406,2.5375,0.50,0.0337
2024-08-07,64,64,90,12457.68,10846.48,3912.35,882.51,590.71,3442.34,183328,7135,169.48,0.3607,3.1509,0.48,0.0389
2024-08-08,60,60,88,11933.58,9655.25,3038.69,1072.97,604.56,3319.60,168961,6541,160.92,0.3147,2.9086,0.51,0.0387
2024-08-09,68,67,103,15473.74,13521.99,4684.55,1492.75,688.19,3392.13,196330,6708,198.85,0.3464,3.9863,0.51,0.0342
2024-08-10,84,83,132,19729.16,17527.77,6256.33,1700.44,827.38,3345.28,188163,6796,208.66,0.3569,5.2396,0.49,0.0361
2024-08-11,44,43,57,7764.44,6967.42,2662.54,606.26,403.67,3129.15,176069,5941,158.35,0.3821,2.2266,0.53,0.0337
2024-08-12,58,58,90,12671.95,9871.99,3095.82,1029.37,550.81,3413.20,168608,5844,170.21,0.3136,2.8923,0.58,0.0347
2024-08-13,63,61,103,13056.07,11213.74,3963.86,1224.13,639.46,3278.35,193310,7567,178.00,0.3535,3.4205,0.43,0.0391
2024-08-14,66,63,96,10955.79,7692.40,2227.30,1195.64,650.58,3423.19,176965,7290,116.55,0.2895,2.2471,0.47,0.0412
2024-08-15,65,65,93,16004.28,12294.12,3691.22,1517.37,652.40,3198.15,192748,6838,189.14,0.3002,3.8441,0.47,0.0355
2024-08-16,63,62,82,11992.52,10697.16,3732.35,1118.63,617.41,3172.00,183895,6447,169.80,0.3489,3.3724,0.49,0.0351
2024-08-17,84,82,126,15821.45,12148.40,3889.90,1107.24,836.00,3394.92,179768,6613,144.62,0.3202,3.5784,0.51,0.0368
2024-08-18,45,45,57,6346.51,5003.17,1509.31,510.61,400.69,3146.05,137821,5101,111.18,0.3017,1.5903,0.62,0.0370
2024-08-19,67,67,98,11044.11,7686.66,2295.24,1005.92,672.28,3040.15,155078,4858,114.73,0.2986,2.5284,0.63,0.0313
2024-08-20,57,56,82,11003.89,9444.91,3434.57,587.11,513.61,3301.89,196520,6404,165.70,0.3636,2.8605,0.52,0.0326
2024-08-21,63,63,97,16040.76,11294.94,2983.67,1290.92,623.73,3415.78,172059,6681,179.28,0.2642,3.3067,0.51,0.0388
2024-08-22,54,53,82,11244.29,7801.53,2501.26,1079.34,521.42,3333.62,199879,7422,144.47,0.3206,2.3403,0.45,0.0371
2024-08-23,60,59,87,11808.92,10363.98,3616.90,709.66,584.78,3348.63,204382,6965,172.73,0.3490,3.0950,0.48,0.0341
2024-08-24,73,73,116,20298.93,16423.43,5203.60,1660.38,735.73,3060.48,149108,5403,224.98,0.3168,5.3663,0.57,0.0362
2024-08-25,36,36,69,8056.21,6159.32,2187.09,719.33,383.91,3306.93,202064,6374,171.09,0.3551,1.8625,0.52,0.0315
2024-08-26,51,50,66,9049.46,8176.58,3030.48,740.01,494.25,3390.83,194826,6458,160.33,0.3706,2.4114,0.53,0.0331
2024-08-27,55,53,86,11880.56,9561.54,3241.84,1048.94,545.50,3210.97,202670,7529,173.85,0.3390,2.9778,0.43,0.0371
2024-08-28,64,64,93,12553.80,10640.20,3749.58,770.12,609.10,3173.66,178945,6227,166.25,0.3524,3.3527,0.51,0.0348
2024-08-29,59,59,92,10207.73,8969.39,3496.87,858.13,606.07,3143.79,148621,4856,152.02,0.3899,2.8530,0.65,0.0327
2024-08-30,56,56,75,9819.98,8710.70,3076.38,861.33,535.37,3337.38,218435,7901,155.55,0.3532,2.6100,0.42,0.0362
2024-08-31,78,78,99,14627.63,12088.52,4237.24,1248.55,733.41,3441.40,210059,6840,154.98,0.3505,3.5127,0.50,0.0326
2024-09-01,42,40,54,8876.43,7303.64,2558.80,518.97,382.27,3352.61,183532,6482,173.90,0.3503,2.1785,0.52,0.0353
2024-09-02,59,57,98,10017.42,7005.48,2083.31,986.09,607.50,3163.84,162086,5811,118.74,0.2974,2.2142,0.54,0.0359
2024-09-03,63,63,95,12711.36,11449.14,4385.88,975.91,642.81,3309.83,178714,6114,181.73,0.3831,3.4591,0.54,0.0342
2024-09-04,69,69,98,10796.37,9332.61,3284.96,1139.08,669.35,3227.78,185182,7032,135.26,0.3520,2.8913,0.46,0.0380
2024-09-05,66,66,94,12359.50,9141.48,2810.48,1208.99,668.63,3201.03,156881,5897,138.51,0.3074,2.8558,0.54,0.0376
2024-09-06,59,59,86,12129.04,8264.01,2178.76,921.01,559.66,3316.30,160683,5962,140.07,0.2636,2.4919,0.56,0.0371
2024-09-07,75,74,99,14474.69,12711.93,4634.04,1080.91,703.42,3308.81,197708,6793,169.49,0.3645,3.8418,0.49,0.0344
2024-09-08,47,47,64,9383.11,8355.67,2885.39,901.29,482.99,3009.48,161962,5582,177.78,0.3453,2.7764,0.54,0.0345
2024-09-09,71,68,107,14418.97,13017.50,4866.41,938.42,728.87,3112.44,187852,6233,183.35,0.3738,4.1824,0.50,0.0332
2024-09-10,50,50,71,11603.78,8185.68,2187.97,1161.96,486.65,3175.01,174044,6727,163.71,0.2673,2.5782,0.47,0.0387
2024-09-11,64,64,89,13300.98,10342.07,3315.58,997.91,612.36,3292.22,188089,7072,161.59,0.3206,3.1414,0.47,0.0376
2024-09-12,63,62,93,11594.48,8528.94,2505.24,924.92,629.39,3316.71,180784,6321,135.38,0.2937,2.5715,0.52,0.0350
2024-09-13,69,67,102,14093.21,11440.33,4165.54,883.84,693.59,3026.50,166038,6300,165.80,0.3641,3.7801,0.48,0.0379
2024-09-14,80,79,131,20739.40,16662.32,5223.74,1818.33,800.88,3126.08,201723,8202,208.28,0.3135,5.3301,0.38,0.0407
2024-09-15,43,43,67,10007.01,6745.25,1845.91,810.94,411.89,2915.60,184852,6169,156.87,0.2737,2.3135,0.47,0.0334
2024-09-16,57,56,92,11772.88,10170.82,3771.18,1134.65,555.96,3152.16,169980,6250,178.44,0.3708,3.2266,0.50,0.0368
2024-09-17,61,60,88,12518.87,10541.77,3581.81,997.52,623.46,3342.35,187638,6628,172.82,0.3398,3.1540,0.50,0.0353
2024-09-18,60,60,86,11902.16,8577.35,2303.30,1023.50,589.70,3246.34,168374,5923,142.96,0.2685,2.6422,0.55,0.0352
2024-09-19,58,57,89,14109.50,10758.38,3416.14,1157.80,572.92,3043.99,179515,6427,185.49,0.3175,3.5343,0.47,0.0358
2024-09-20,66,65,97,9121.77,8171.36,3234.61,610.52,671.54,3010.71,157618,5525,123.81,0.3958,2.7141,0.54,0.0351
2024-09-21,86,84,121,16365.88,12860.60,3921.69,1261.65,817.69,3232.12,156574,5782,149.54,0.3049,3.9790,0.56,0.0369
2024-09-22,37,37,49,6132.38,5229.06,1728.36,503.12,363.00,3228.76,161463,5627,141.33,0.3305,1.6195,0.57,0.0349
2024-09-23,61,58,83,11463.25,9379.46,3401.17,978.02,593.70,3269.27,156986,6090,153.76,0.3626,2.8690,0.54,0.0388
2024-09-24,59,58,75,10195.97,7865.04,2330.27,927.35,560.92,3033.40,185779,6782,133.31,0.2963,2.5928,0.45,0.0365
2024-09-25,72,68,106,16299.23,14292.95,5164.49,1174.45,651.85,3336.11,173843,6085,198.51,0.3613,4.2843,0.55,0.0350
2024-09-26,58,56,90,15861.76,13606.34,4612.19,1493.84,575.26,3178.23,165123,6354,234.59,0.3390,4.2811,0.50,0.0385
2024-09-27,70,68,110,17565.48,11799.91,2958.12,1626.90,676.64,3076.41,163393,6022,168.57,0.2507,3.8356,0.51,0.0369
2024-09-28,70,68,103,14742.06,12708.66,4472.42,1138.68,674.74,3278.37,191929,6860,181.55,0.3519,3.8765,0.48,0.0357
2024-09-29,42,42,55,7259.02,5119.96,1452.45,595.41,426.18,3259.27,161878,5677,121.90,0.2837,1.5709,0.57,0.0351
2024-09-30,61,61,85,11386.88,9672.19,3382.95,852.94,569.48,2997.21,174051,5912,158.56,0.3498,3.2271,0.51,0.0340
2024-10-01,68,67,100,15041.39,13264.60,4645.43,1213.48,698.57,3344.69,196840,7722,195.07,0.3502,3.9659,0.43,0.0392
2024-10-02,82,80,116,16189.63,14431.98,5327.44,1519.40,820.26,3253.22,199126,7256,176.00,0.3691,4.4362,0.45,0.0364
2024-10-03,71,70,96,13242.35,12251.87,4569.77,717.76,743.05,3159.64,164051,5378,172.56,0.3730,3.8776,0.59,0.0328
2024-10-04,74,73,103,14212.86,12271.01,4317.97,1296.62,695.52,3201.56,170612,6545,165.82,0.3519,3.8328,0.49,0.0384
2024-10-05,82,80,112,18142.29,14938.03,4897.06,1669.63,760.79,3223.17,152158,4920,182.17,0.3278,4.6346,0.66,0.0323
2024-10-06,43,43,78,8749.68,8090.79,3161.36,658.89,457.43,3260.47,190572,7114,188.16,0.3907,2.4815,0.46,0.0373
2024-10-07,70,69,107,13901.39,12017.00,4275.47,1202.52,718.82,3111.53,185903,5767,171.67,0.3558,3.8621,0.54,0.0310
2024-10-08,74,73,113,14468.61,13033.21,4803.71,1177.46,756.84,3235.75,162034,5973,176.12,0.3686,4.0279,0.54,0.0369
2024-10-09,69,67,97,15184.50,11563.11,3517.22,1359.17,643.49,3282.42,175142,6769,167.58,0.3042,3.5227,0.48,0.0386
2024-10-10,66,66,106,13726.59,10939.81,3886.33,986.94,635.76,3157.59,185309,5929,165.75,0.3552,3.4646,0.53,0.0320
2024-10-11,75,73,101,13251.10,11362.68,4081.88,1056.28,696.82,3204.93,164717,5624,151.50,0.3592,3.5454,0.57,0.0341
2024-10-12,85,85,123,19587.09,17342.17,6035.47,1649.58,828.10,3076.48,174405,5480,204.03,0.3480,5.6370,0.56,0.0314
2024-10-13,58,58,74,11673.71,10275.32,3534.03,1033.99,566.41,3337.20,148189,5682,177.16,0.3439,3.0790,0.59,0.0383
2024-10-14,67,67,114,14710.09,12329.77,4498.91,1146.50,697.19,3340.96,185851,6808,184.03,0.3649,3.6905,0.49,0.0366
2024-10-15,74,69,100,14950.13,12983.76,4503.97,1451.16,698.39,3271.31,195909,7568,175.46,0.3469,3.9690,0.43,0.0386
2024-10-16,67,67,99,14508.45,12200.65,4307.95,1020.52,626.87,3183.78,141395,5225,182.10,0.3531,3.8321,0.61,0.0370
2024-10-17,65,64,95,11109.05,9944.64,3935.85,888.05,627.79,3307.87,160070,6064,152.99,0.3958,3.0064,0.55,0.0379
2024-10-18,69,69,99,14841.43,10903.96,2896.46,1355.06,687.87,3299.33,183788,6725,158.03,0.2656,3.3049,0.49,0.0366
2024-10-19,94,93,148,23420.93,17794.83,6046.05,2128.64,929.97,3112.25,155051,6116,189.31,0.3398,5.7177,0.51,0.0394
2024-10-20,47,47,60,9540.93,6586.91,1812.58,860.93,451.07,3215.31,173453,5953,140.15,0.2752,2.0486,0.54,0.0343
2024-10-21,61,61,91,11864.19,9395.99,3183.57,787.44,617.77,3165.54,170504,6296,154.03,0.3388,2.9682,0.50,0.0369
2024-10-22,61,61,78,11116.67,9346.07,3118.87,904.77,593.55,3024.71,164367,5389,153.21,0.3337,3.0899,0.56,0.0328
2024-10-23,65,62,102,16296.41,13705.36,4851.94,1320.69,655.07,3005.16,189636,6436,210.85,0.3540,4.5606,0.47,0.0339
2024-10-24,60,60,81,11030.56,9128.15,2987.95,1001.52,562.10,3223.52,169523,5668,152.14,0.3273,2.8317,0.57,0.0334
2024-10-25,71,70,99,13812.65,11890.92,4182.73,1186.95,686.92,3134.56,159837,5895,167.48,0.3518,3.7935,0.53,0.0369
2024-10-26,82,82,125,15602.91,14435.28,5706.90,1093.78,781.58,3342.04,207649,7227,176.04,0.3953,4.3193,0.46,0.0348
2024-10-27,46,44,71,8666.37,7208.26,2496.48,838.36,482.38,3499.63,191145,6564,156.70,0.3463,2.0597,0.53,0.0343
2024-10-28,58,58,84,12467.53,10506.14,3572.52,912.85,598.40,3358.11,170910,6560,181.14,0.3400,3.1286,0.51,0.0384
2024-10-29,65,63,89,13021.37,11521.72,4259.77,1110.44,650.78,3163.46,178642,6690,177.26,0.3697,3.6421,0.47,0.0374
2024-10-30,71,71,98,14418.32,12156.75,4077.16,1245.51,711.46,3320.32,204117,6965,171.22,0.3354,3.6613,0.48,0.0341
2024-10-31,60,60,82,10566.23,7364.79,2039.85,871.85,574.18,3220.01,192097,6532,122.75,0.2770,2.2872,0.49,0.0340
2024-11-01,105,102,147,18514.17,12828.89,3018.31,3614.91,949.74,4291.30,247863,8812,122.18,0.2353,2.9895,0.49,0.0356
2024-11-02,130,129,192,25081.58,18582.78,4995.71,4672.61,1275.74,4412.33,264920,8984,142.94,0.2688,4.2116,0.49,0.0339
2024-11-03,67,67,111,16982.65,12525.02,2856.99,3274.63,664.41,4331.69,250621,8000,186.94,0.2281,2.8915,0.54,0.0319
2024-11-04,93,92,147,19315.78,12471.21,2442.65,3706.84,982.22,4428.22,179186,7058,134.10,0.1959,2.8163,0.63,0.0394
2024-11-05,91,91,139,21842.83,17237.87,4516.23,4067.87,881.78,4344.25,278264,8438,189.43,0.2620,3.9680,0.51,0.0303
2024-11-06,96,93,143,21666.66,16247.76,4130.74,3905.41,888.24,4397.35,293234,9732,169.25,0.2542,3.6949,0.45,0.0332
2024-11-07,83,79,110,14608.02,9349.86,1965.61,2875.36,804.10,4494.47,245582,8547,112.65,0.2102,2.0803,0.53,0.0348
2024-11-08,84,82,132,19135.36,14139.34,3601.25,3526.28,823.30,4403.71,231866,8171,168.33,0.2547,3.2108,0.54,0.0352
2024-11-09,107,102,171,26818.10,18237.43,4036.47,4543.51,1067.55,4436.86,239740,8497,170.44,0.2213,4.1104,0.52,0.0354
2024-11-10,64,64,95,13568.47,10136.19,2527.14,2557.40,645.50,4404.02,205750,6844,158.38,0.2493,2.3016,0.64,0.0333
2024-11-11,96,94,142,20232.97,15408.59,4176.05,3790.89,911.87,4531.24,224944,6710,160.51,0.2710,3.4005,0.68,0.0298
2024-11-12,79,75,112,15072.66,11310.56,2889.49,2769.76,779.91,4372.84,263519,9768,143.17,0.2555,2.5865,0.45,0.0371
2024-11-13,119,114,170,22438.50,15990.00,3845.44,4101.75,1141.01,4404.67,218765,7666,134.37,0.2405,3.6302,0.57,0.0350
2024-11-14,91,90,140,18486.35,14034.05,3729.24,3445.92,894.96,4415.94,264141,9403,154.22,0.2657,3.1780,0.47,0.0356
2024-11-15,99,97,141,20923.03,16106.07,4261.66,3600.88,989.32,4360.09,238768,8292,162.69,0.2646,3.6940,0.53,0.0347
2024-11-16,131,130,210,30506.46,19769.19,3770.86,5316.02,1310.41,4432.44,268012,9489,150.91,0.1907,4.4601,0.47,0.0354
2024-11-17,74,74,100,14115.28,11399.30,3196.92,2527.48,696.87,4596.14,291665,9328,154.04,0.2804,2.4802,0.49,0.0320
2024-11-18,72,70,103,15495.01,10269.24,2047.00,2916.32,684.93,4456.18,253085,9241,142.63,0.1993,2.3045,0.48,0.0365
2024-11-19,107,104,148,20520.16,13720.32,2657.01,3750.46,1012.87,4699.86,259597,9531,128.23,0.1937,2.9193,0.49,0.0367
2024-11-20,120,118,171,23089.58,16406.56,3781.32,4143.02,1147.89,4627.07,272715,8416,136.72,0.2305,3.5458,0.55,0.0309
2024-11-21,83,79,121,17355.75,13323.41,3445.59,3012.75,825.17,4635.72,268214,9088,160.52,0.2586,2.8741,0.51,0.0339
2024-11-22,310,294,426,63397.20,44505.58,9944.97,11916.20,3002.05,4545.44,261099,8481,143.57,0.2235,9.7913,0.54,0.0325
2024-11-23,117,114,181,28379.96,20993.08,5859.45,4846.85,1133.85,4515.11,212568,7170,179.43,0.2791,4.6495,0.63,0.0337
2024-11-24,68,68,110,17943.12,13723.65,3861.96,3139.36,676.29,4399.40,249508,8215,201.82,0.2814,3.1194,0.54,0.0329
2024-11-25,91,91,135,18025.32,11159.66,1915.53,3292.17,908.76,4480.31,265272,8200,122.63,0.1716,2.4908,0.55,0.0309
2024-11-26,109,109,161,25024.70,17270.45,4082.52,4307.26,1080.25,4521.56,261475,8779,158.44,0.2364,3.8196,0.52,0.0336
2024-11-27,97,95,141,21517.14,15596.80,4009.73,3740.45,977.20,4595.15,285447,8677,160.79,0.2571,3.3942,0.53,0.0304
2024-11-28,88,87,123,15584.91,11469.38,2649.89,3057.97,865.69,4812.62,255489,8830,130.33,0.2310,2.3832,0.55,0.0346
2024-11-29,329,310,500,69936.09,50399.39,13748.38,12360.68,3156.41,4527.33,239116,8110,153.19,0.2728,11.1323,0.56,0.0339
2024-11-30,108,105,155,22773.55,16852.74,4100.66,3926.60,1004.99,4369.78,245877,8657,156.04,0.2433,3.8567,0.50,0.0352
2024-12-01,71,69,97,12718.90,9941.35,2732.44,2383.00,673.21,4678.37,305225,9138,140.02,0.2749,2.1250,0.51,0.0299
2024-12-02,90,90,127,16148.37,11541.58,2875.51,3340.17,907.59,4558.71,273941,9513,128.24,0.2491,2.5318,0.48,0.0347
2024-12-03,98,97,135,17856.51,12965.55,3225.85,3285.88,952.34,4675.22,279151,8848,132.30,0.2488,2.7732,0.53,0.0317
2024-12-04,111,110,160,22595.94,17055.37,4772.14,3985.41,1052.19,4620.44,279150,9467,153.65,0.2798,3.6913,0.49,0.0339
2024-12-05,103,100,158,25420.08,18896.86,4631.25,5071.31,1018.18,4770.59,297707,9857,183.46,0.2451,3.9611,0.48,0.0331
2024-12-06,90,88,123,17584.32,12273.04,2839.89,3108.98,852.93,4657.01,226592,7317,136.37,0.2314,2.6354,0.64,0.0323
2024-12-07,109,107,153,24336.00,18583.29,4606.09,4780.50,1063.54,4676.67,275822,9018,170.49,0.2479,3.9736,0.52,0.0327
2024-12-08,68,67,97,15273.11,9865.33,1831.31,2825.76,629.10,4659.61,253299,8429,145.08,0.1856,2.1172,0.55,0.0333
2024-12-09,156,155,221,31894.65,23827.49,5917.34,5886.95,1490.50,4563.77,241138,7511,152.74,0.2483,5.2210,0.61,0.0311
2024-12-10,133,131,212,32459.85,22232.91,4931.56,5591.84,1332.62,4876.00,287968,9561,167.16,0.2218,4.5597,0.51,0.0332
2024-12-11,100,99,150,20493.35,14090.61,3408.83,3799.51,972.03,4526.10,266783,8748,140.91,0.2419,3.1132,0.52,0.0328
2024-12-12,93,91,132,19547.44,15504.23,4553.98,3478.84,924.32,4574.89,278967,9290,166.71,0.2937,3.3890,0.49,0.0333
2024-12-13,107,104,150,20332.43,15033.59,3989.47,3647.80,989.56,4634.31,241920,8782,140.50,0.2654,3.2440,0.53,0.0363
2024-12-14,126,125,183,30965.91,21767.87,5175.23,5743.49,1286.58,4684.52,290207,8683,172.76,0.2377,4.6468,0.54,0.0299
2024-12-15,82,79,116,15127.88,9956.36,1940.38,2990.14,761.21,4849.78,223461,6568,121.42,0.1949,2.0530,0.74,0.0294
2024-12-16,169,168,252,35133.19,26308.98,6989.91,6419.90,1669.40,4710.41,234977,8154,155.67,0.2657,5.5853,0.58,0.0347
2024-12-17,170,161,250,37066.14,25788.82,6149.06,6692.65,1656.57,4826.02,303795,9997,151.70,0.2384,5.3437,0.48,0.0329
2024-12-18,111,110,186,24917.60,17551.47,4339.53,4774.02,1092.34,4600.47,236790,8869,158.12,0.2472,3.8151,0.52,0.0375
2024-12-19,94,92,145,18275.02,13693.04,3501.64,3193.37,937.41,4845.85,288379,8522,145.67,0.2557,2.8257,0.57,0.0296
2024-12-20,102,100,152,21857.63,17018.03,4622.15,4080.04,1022.21,4671.41,266087,8548,166.84,0.2716,3.6430,0.55,0.0321
2024-12-21,134,127,212,31769.81,23275.23,5908.46,5994.32,1293.55,4771.33,256912,9228,173.70,0.2539,4.8781,0.52,0.0359
2024-12-22,67,64,95,14704.30,10285.34,2164.66,2753.67,650.58,4821.22,224832,8443,153.51,0.2105,2.1333,0.57,0.0376
2024-12-23,116,115,183,25591.34,17336.13,3758.38,4856.23,1141.70,4935.78,294049,9683,149.45,0.2168,3.5123,0.51,0.0329
2024-12-24,92,91,138,16745.17,13948.50,4435.14,2693.52,885.98,5027.34,297175,9171,151.61,0.3180,2.7745,0.55,0.0309
2024-12-25,98,97,146,22838.66,16662.65,3785.79,4084.02,954.56,4827.27,238464,7965,170.03,0.2272,3.4518,0.61,0.0334
2024-12-26,103,99,154,24356.39,15023.83,2156.11,4541.10,1013.54,4964.96,292946,9767,145.86,0.1435,3.0260,0.51,0.0333
2024-12-27,110,109,168,24246.98,19045.66,5658.26,3833.85,1115.89,4703.71,286788,9421,173.14,0.2971,4.0491,0.50,0.0329
2024-12-28,122,117,184,27343.41,18508.10,3932.35,5018.56,1179.50,4919.47,242266,8169,151.71,0.2125,3.7622,0.60,0.0337
2024-12-29,82,80,129,19319.79,13735.30,3544.97,3045.53,784.75,4803.00,225915,7306,167.50,0.2581,2.8597,0.66,0.0323
2024-12-30,99,97,150,20003.47,15463.86,4179.92,3757.73,969.39,4876.65,277141,9324,156.20,0.2703,3.1710,0.52,0.0336
2024-12-31,101,99,139,17891.69,13462.03,3477.79,3219.18,972.41,4983.82,249458,8719,133.29,0.2583,2.7011,0.57,0.0350
2025-01-01,62,60,88,11218.32,9980.50,3666.35,960.42,581.64,3618.41,191903,6473,160.98,0.3674,2.7583,0.56,0.0337
2025-01-02,61,59,95,11912.19,8064.55,2119.93,1156.63,591.02,3685.02,204626,7431,132.21,0.2629,2.1885,0.50,0.0363
2025-01-03,61,60,87,11076.12,8189.55,2715.45,838.93,577.03,3552.73,185970,6487,134.25,0.3316,2.3051,0.55,0.0349
2025-01-04,81,78,112,17095.62,13667.54,4220.40,1722.69,798.95,3523.48,205841,7389,168.74,0.3088,3.8790,0.48,0.0359
2025-01-05,40,40,55,8287.15,5303.16,1348.30,668.28,360.88,3717.35,184156,6546,132.58,0.2542,1.4266,0.57,0.0355
2025-01-06,61,61,80,10070.50,8022.12,2610.49,930.97,593.39,3394.94,221465,7556,131.51,0.3254,2.3630,0.45,0.0341
2025-01-07,71,69,110,16468.01,14714.32,5261.66,1517.42,726.28,3884.19,208370,6916,207.24,0.3576,3.7883,0.56,0.0332
2025-01-08,68,68,103,13413.16,9146.90,2208.89,1268.15,669.61,3682.85,197261,7102,134.51,0.2415,2.4836,0.52,0.0360
2025-01-09,60,59,89,14748.60,12750.80,4344.20,1488.66,601.70,3686.83,194217,6737,212.51,0.3407,3.4585,0.55,0.0347
2025-01-10,56,56,76,9861.12,8568.56,3075.03,919.36,532.73,3710.91,191526,6612,153.01,0.3589,2.3090,0.56,0.0345
2025-01-11,89,86,127,21302.85,18713.97,6518.66,1557.97,885.59,3460.94,210935,8022,210.27,0.3483,5.4072,0.43,0.0380
2025-01-12,44,43,72,9815.99,8939.32,3435.35,661.56,455.68,3692.98,194479,7298,203.17,0.3843,2.4206,0.51,0.0375
2025-01-13,72,71,106,13529.06,12210.16,4671.48,967.69,738.21,3752.67,193783,7113,169.59,0.3826,3.2537,0.53,0.0367
2025-01-14,66,64,86,11959.94,10326.91,3800.48,880.54,610.31,3669.39,224710,8555,156.47,0.3680,2.8143,0.43,0.0381
2025-01-15,78,78,118,16977.84,14355.31,4833.55,1605.02,752.07,3774.44,185071,6547,184.04,0.3367,3.8033,0.58,0.0354
2025-01-16,64,63,92,13758.87,12556.90,4448.98,1201.97,633.92,3854.89,192818,6640,196.20,0.3543,3.2574,0.58,0.0344
2025-01-17,73,72,106,13827.88,11701.85,4237.86,1204.07,677.63,3864.15,257251,9134,160.30,0.3622,3.0283,0.42,0.0355
2025-01-18,84,84,115,14853.00,12058.47,3952.71,1218.14,801.41,3845.96,239283,8891,143.55,0.3278,3.1354,0.43,0.0372
2025-01-19,49,47,70,9826.50,7341.16,2122.32,771.78,503.61,3550.90,179214,6170,149.82,0.2891,2.0674,0.58,0.0344
2025-01-20,70,69,102,13889.76,11664.57,4153.26,1030.51,689.26,3923.50,216218,8216,166.64,0.3561,2.9730,0.48,0.0380
2025-01-21,67,64,113,14947.51,12979.02,4684.52,1359.74,676.47,3856.34,219815,8352,193.72,0.3609,3.3656,0.46,0.0380
2025-01-22,70,70,114,14962.22,12983.18,4828.03,1226.01,700.07,3909.06,212430,8103,185.47,0.3719,3.3213,0.48,0.0381
2025-01-23,64,63,91,12919.88,11250.42,4071.78,1218.04,612.87,3836.86,227920,8596,175.79,0.3619,2.9322,0.45,0.0377
2025-01-24,79,78,112,15236.80,12161.67,3953.92,1048.38,798.87,3878.78,220463,8440,153.95,0.3251,3.1354,0.46,0.0383
2025-01-25,81,81,113,15868.05,11297.72,2978.13,1597.36,772.28,3910.96,208889,6931,139.48,0.2636,2.8887,0.56,0.0332
2025-01-26,51,50,71,11501.51,9951.19,3519.54,971.24,495.63,3721.92,225539,7813,195.12,0.3537,2.6737,0.48,0.0346
2025-01-27,67,66,101,13669.86,10868.27,3803.85,1181.28,679.81,3865.61,183836,7598,162.21,0.3500,2.8115,0.51,0.0413
2025-01-28,73,71,108,16501.46,14056.12,4854.24,1102.86,740.81,3737.10,216909,8054,192.55,0.3453,3.7612,0.46,0.0371
2025-01-29,79,77,116,17466.40,14683.56,5032.60,1176.70,773.06,3716.88,197017,6372,185.87,0.3427,3.9505,0.58,0.0323
2025-01-30,64,62,94,14070.09,12501.52,4366.80,1260.58,657.98,3774.17,189940,6743,195.34,0.3493,3.3124,0.56,0.0355
2025-01-31,71,70,108,13210.28,10460.88,3549.92,1112.00,688.16,3671.26,212952,7073,147.34,0.3394,2.8494,0.52,0.0332
2025-02-01,98,92,140,19469.91,15411.29,4949.91,1820.41,914.13,3916.50,212111,7469,157.26,0.3212,3.9350,0.52,0.0352
2025-02-02,54,52,85,11788.94,8876.01,2616.13,859.19,528.23,3716.56,207477,7565,164.37,0.2947,2.3882,0.49,0.0365
2025-02-03,70,70,104,10943.01,9081.14,3215.54,957.04,694.68,3736.58,206726,7858,129.73,0.3541,2.4303,0.48,0.0380
2025-02-04,78,78,122,16274.28,13976.92,4782.78,1524.07,795.59,3809.06,235160,8617,179.19,0.3422,3.6694,0.44,0.0366
2025-02-05,87,85,142,13848.06,11786.81,4393.99,1136.12,891.55,4002.85,241687,8230,135.48,0.3728,2.9446,0.49,0.0341
2025-02-06,70,69,103,15054.27,12255.43,4171.73,1253.06,676.03,3891.74,199242,7114,175.08,0.3404,3.1491,0.55,0.0357
2025-02-07,69,68,97,14862.71,12737.16,4435.14,1046.30,696.92,3898.31,202879,7057,184.60,0.3482,3.2674,0.55,0.0348
2025-02-08,101,99,150,20230.66,15099.74,4350.96,1852.96,955.83,3778.28,241764,7748,149.50,0.2881,3.9965,0.49,0.0320
2025-02-09,52,52,81,10299.18,7017.19,1954.01,724.18,541.88,3811.45,199128,7556,134.95,0.2785,1.8411,0.50,0.0379
2025-02-10,68,68,104,12363.93,10622.74,4259.34,1062.88,675.08,3742.90,250476,8570,156.22,0.4010,2.8381,0.44,0.0342
2025-02-11,72,71,99,12084.70,10034.48,3328.91,1065.68,678.47,4149.41,246087,8830,139.37,0.3317,2.4183,0.47,0.0359
2025-02-12,76,75,115,12668.34,11363.88,4196.53,1132.21,737.75,3887.81,234852,8069,149.52,0.3693,2.9230,0.48,0.0344
2025-02-13,62,61,95,10958.50,8177.99,2656.10,898.85,605.83,4014.83,221623,8615,131.90,0.3248,2.0369,0.47,0.0389
2025-02-14,80,80,117,16098.31,13800.62,4875.24,1467.82,774.80,3878.61,184988,6637,172.51,0.3533,3.5581,0.58,0.0359
2025-02-15,84,84,121,17229.22,14060.04,4876.10,1309.05,810.83,3898.05,234077,7772,167.38,0.3468,3.6069,0.50,0.0332
2025-02-16,52,52,77,10207.99,8747.31,3039.65,759.90,512.11,3823.31,248594,8308,168.22,0.3475,2.2879,0.46,0.0334
2025-02-17,80,80,116,16338.65,13991.47,4956.14,1293.60,786.98,3702.02,199033,6236,174.89,0.3542,3.7794,0.59,0.0313
2025-02-18,74,74,108,14478.58,11863.28,3900.91,1343.75,761.67,4034.84,238513,8027,160.31,0.3288,2.9402,0.50,0.0337
2025-02-19,79,79,132,19511.49,14463.42,4087.51,1661.95,748.07,3961.61,249104,8553,183.08,0.2826,3.6509,0.46,0.0343
2025-02-20,69,68,95,12097.57,10370.62,3787.33,1059.45,611.43,4082.56,212268,7595,150.30,0.3652,2.5402,0.54,0.0358
2025-02-21,85,82,122,14402.51,8856.56,2101.63,1189.59,856.89,4061.99,229620,7931,104.19,0.2373,2.1804,0.51,0.0345
2025-02-22,69,69,99,13917.68,10860.24,3598.93,1360.50,683.04,3865.04,206288,7569,157.39,0.3314,2.8099,0.51,0.0367
2025-02-23,53,53,75,11253.14,7617.66,1912.04,849.52,499.09,4006.29,191616,7845,143.73,0.2510,1.9014,0.51,0.0409
2025-02-24,80,80,117,16211.11,11660.67,3448.84,1307.44,781.09,3989.48,197953,7067,145.76,0.2958,2.9229,0.56,0.0357
2025-02-25,73,73,122,18103.76,15870.82,5596.44,1783.57,729.07,4087.65,247958,8719,217.41,0.3526,3.8826,0.47,0.0352
2025-02-26,78,78,121,15946.81,11895.86,3699.42,1560.48,794.52,4128.88,227735,8133,152.51,0.3110,2.8811,0.51,0.0357
2025-02-27,86,83,127,17989.18,15025.84,5029.38,1183.61,844.71,4145.40,201988,7380,174.72,0.3347,3.6247,0.56,0.0365
2025-02-28,84,84,120,16963.94,14550.69,5141.95,1450.22,819.45,3889.53,233862,7224,173.22,0.3534,3.7410,0.54,0.0309
2025-03-01,103,99,151,19062.26,14442.33,4837.46,1789.42,1026.36,4064.35,209258,7856,140.22,0.3350,3.5534,0.52,0.0375
2025-03-02,64,63,95,13255.46,9899.10,2979.88,1224.68,609.24,4012.77,212380,7619,154.67,0.3010,2.4669,0.53,0.0359
2025-03-03,77,77,119,15593.58,13599.07,4964.74,1191.56,770.69,4123.02,212543,7827,176.61,0.3651,3.2983,0.53,0.0368
2025-03-04,86,85,105,13243.89,11447.60,3854.41,1030.05,815.52,3979.81,231528,8395,133.11,0.3367,2.8764,0.47,0.0363
2025-03-05,92,92,129,14006.70,12156.75,4468.15,1081.31,956.40,4046.50,265082,8685,132.14,0.3675,3.0043,0.47,0.0328
2025-03-06,84,82,129,18878.26,14964.40,4976.02,1819.94,814.76,4050.27,221901,8665,178.15,0.3325,3.6947,0.47,0.0390
2025-03-07,73,73,103,12714.28,10107.07,3441.35,953.98,711.40,3973.00,221469,7780,138.45,0.3405,2.5439,0.51,0.0351
2025-03-08,107,107,149,21012.96,18359.40,6584.01,1725.34,1036.49,3998.64,219412,8007,171.58,0.3586,4.5914,0.50,0.0365
2025-03-09,60,60,82,12904.92,9130.84,2388.69,1055.27,571.50,3876.59,244742,9403,152.18,0.2616,2.3554,0.41,0.0384
2025-03-10,84,83,131,15994.74,11492.10,3437.59,1487.94,834.89,4075.67,197810,7267,136.81,0.2991,2.8197,0.56,0.0367
2025-03-11,94,93,145,17250.11,10970.99,2660.81,1686.07,861.23,3912.18,234520,8556,116.71,0.2425,2.8043,0.46,0.0365
2025-03-12,90,88,128,16261.73,14025.85,5053.03,1433.62,849.12,3906.06,217862,7834,155.84,0.3603,3.5908,0.50,0.0360
2025-03-13,75,74,109,16308.02,13224.89,4189.75,1658.03,725.57,3929.44,217857,7671,176.33,0.3168,3.3656,0.51,0.0352
2025-03-14,94,90,145,21942.36,19311.78,6684.10,1790.48,918.98,3912.31,178673,6091,205.44,0.3461,4.9362,0.64,0.0341
2025-03-15,98,98,154,21000.21,16397.75,5226.31,1736.19,974.54,4050.31,211656,7282,167.32,0.3187,4.0485,0.56,0.0344
2025-03-16,62,62,100,12250.17,10655.96,3863.24,1124.59,633.92,3770.15,229256,8060,171.87,0.3625,2.8264,0.47,0.0352
2025-03-17,73,72,103,15789.80,13764.12,4541.45,1549.71,734.42,4009.47,208440,7736,188.55,0.3299,3.4329,0.52,0.0371
2025-03-18,81,81,125,19016.92,11314.65,2133.85,1803.63,771.89,4029.13,223565,7095,139.69,0.1886,2.8082,0.57,0.0317
2025-03-19,97,94,143,17831.88,13251.46,4229.04,1490.17,929.13,3827.00,206410,7130,136.61,0.3191,3.4626,0.54,0.0345
2025-03-20,77,76,111,17025.92,14590.34,5091.30,1029.39,740.01,4142.08,262231,9599,189.48,0.3490,3.5225,0.43,0.0366
2025-03-21,90,88,124,12698.54,10367.24,3654.95,1159.51,848.03,3876.82,215279,7368,115.19,0.3525,2.6742,0.53,0.0342
2025-03-22,108,107,158,20901.79,16399.31,5360.29,1838.73,1034.88,3854.12,196581,7469,151.85,0.3269,4.2550,0.52,0.0380
2025-03-23,59,57,80,10118.06,8240.51,2815.85,721.25,571.66,3999.12,196093,6561,139.67,0.3417,2.0606,0.61,0.0335
2025-03-24,83,81,116,15059.36,12095.28,4144.36,1155.17,774.45,4109.79,240353,8566,145.73,0.3426,2.9430,0.48,0.0356
2025-03-25,71,70,109,16409.13,12454.46,3618.30,1262.12,719.99,4226.91,198850,7594,175.41,0.2905,2.9465,0.56,0.0382
2025-03-26,97,96,141,19411.71,16980.50,6166.81,1685.40,954.97,3878.38,210974,7313,175.06,0.3632,4.3782,0.53,0.0347
2025-03-27,76,75,132,20004.06,16450.12,5408.60,1817.60,813.18,3989.07,227483,8023,216.45,0.3288,4.1238,0.50,0.0353
2025-03-28,83,82,118,15969.32,12907.70,4440.77,1444.69,830.77,3856.22,186188,6233,155.51,0.3440,3.3472,0.62,0.0335
2025-03-29,108,106,168,25249.92,22256.53,7686.99,2287.27,1068.13,3965.94,243610,7739,206.08,0.3454,5.6119,0.51,0.0318
2025-03-30,61,59,81,11382.50,10484.97,3953.78,841.51,597.99,3862.73,222670,7446,171.88,0.3771,2.7144,0.52,0.0334
2025-03-31,81,81,112,17222.82,13385.85,4158.08,1360.56,783.87,3969.11,218642,7319,165.26,0.3106,3.3725,0.54,0.0335
2025-04-01,98,95,147,23057.12,17795.44,5458.46,1902.55,996.20,4012.59,223205,8493,181.59,0.3067,4.4349,0.47,0.0381
2025-04-02,88,86,126,15400.48,12778.56,4502.30,1295.13,895.48,3909.93,221037,8450,145.21,0.3523,3.2682,0.46,0.0382
2025-04-03,98,95,143,19857.40,16916.90,6070.27,1439.95,956.46,4161.39,229528,8352,172.62,0.3588,4.0652,0.50,0.0364
2025-04-04,98,96,138,18717.10,15996.51,5612.62,1484.58,950.29,4092.94,232549,8167,163.23,0.3509,3.9083,0.50,0.0351
2025-04-05,104,102,156,23097.65,18545.59,5685.61,1904.40,1038.41,3938.02,234838,8868,178.32,0.3066,4.7094,0.44,0.0378
2025-04-06,55,55,78,12339.59,10950.44,3820.30,871.38,532.24,4091.66,234308,9362,199.10,0.3489,2.6763,0.44,0.0400
2025-04-07,82,81,121,15822.56,13322.63,4815.24,1252.44,827.47,3883.09,197989,6991,162.47,0.3614,3.4309,0.56,0.0353
2025-04-08,88,87,142,20338.87,16740.74,5863.97,1769.54,855.41,4225.32,257823,9190,190.24,0.3503,3.9620,0.46,0.0356
2025-04-09,96,96,144,18175.05,16771.93,6466.81,1319.03,938.41,3858.10,199387,6827,174.71,0.3856,4.3472,0.57,0.0342
2025-04-10,88,86,140,18786.81,15859.59,5627.61,1546.80,924.04,4147.62,212117,7842,180.22,0.3548,3.8238,0.53,0.0370
2025-04-11,86,84,134,19306.19,14633.13,4814.45,1715.28,841.14,4150.56,268697,9956,170.15,0.3290,3.5256,0.42,0.0371
2025-04-12,127,126,195,29189.33,23465.22,7597.89,2612.75,1254.69,3989.49,217941,6961,184.77,0.3238,5.8818,0.57,0.0319
2025-04-13,66,65,102,14048.70,10988.83,3405.08,1181.87,638.53,4059.11,208691,7466,166.50,0.3099,2.7072,0.54,0.0358
2025-04-14,77,75,116,16879.44,11839.61,3891.07,1706.62,720.72,4201.91,197534,7315,153.76,0.3286,2.8177,0.57,0.0370
2025-04-15,89,86,139,20701.12,18480.60,7103.29,1409.94,887.67,4017.81,224995,8032,207.65,0.3844,4.5997,0.50,0.0357
2025-04-16,99,98,142,21490.34,16590.12,5076.95,1873.39,987.22,4034.36,223464,7940,167.58,0.3060,4.1122,0.51,0.0355
2025-04-17,81,80,126,17240.51,13210.45,4329.19,1624.38,809.77,4270.14,223193,8752,163.09,0.3277,3.0937,0.49,0.0392
2025-04-18,103,100,155,24371.69,17429.04,4434.53,2233.53,1011.48,4109.92,181902,7017,169.21,0.2544,4.2407,0.59,0.0386
2025-04-19,101,100,144,19593.40,17524.79,6536.30,1625.19,946.83,3995.95,215294,7488,173.51,0.3730,4.3856,0.53,0.0348
2025-04-20,67,67,112,12664.81,11530.51,4613.86,1134.30,645.65,4106.79,229348,8044,172.10,0.4001,2.8077,0.51,0.0351
2025-04-21,85,82,119,18449.54,14980.66,4641.13,1721.69,865.36,3917.20,220541,7680,176.24,0.3098,3.8243,0.51,0.0348
2025-04-22,87,85,136,23073.18,20116.77,7241.83,1811.00,853.77,4100.32,189267,6617,231.23,0.3600,4.9061,0.62,0.0350
2025-04-23,87,85,124,16428.74,14917.84,5525.39,1433.97,844.53,4155.72,215039,7607,171.47,0.3704,3.5897,0.55,0.0354
2025-04-24,90,88,128,19344.94,16708.31,5741.40,1555.11,883.10,3897.01,236442,8496,185.65,0.3436,4.2875,0.46,0.0359
2025-04-25,90,90,129,14962.41,12111.09,4218.15,1308.65,875.68,4021.82,230911,7423,134.57,0.3483,3.0113,0.54,0.0321
2025-04-26,112,111,147,20607.42,15622.72,4819.47,1499.38,1039.95,4026.99,204866,7511,139.49,0.3085,3.8795,0.54,0.0367
2025-04-27,61,60,104,14024.10,11816.13,4225.13,1044.12,603.00,4038.63,180645,6865,193.71,0.3576,2.9258,0.59,0.0380
2025-04-28,80,78,114,14536.78,13173.81,4861.39,1087.30,819.77,3913.39,239966,7847,164.67,0.3690,3.3663,0.50,0.0327
2025-04-29,89,86,132,17255.98,13164.37,4180.76,1342.69,919.09,3867.20,248260,9225,147.91,0.3176,3.4041,0.42,0.0372
2025-04-30,83,82,124,16370.09,14070.92,5101.00,1257.21,804.83,4218.08,221349,8090,169.53,0.3625,3.3359,0.52,0.0365
2025-05-01,88,81,140,20847.99,16445.28,5120.22,1740.91,880.66,4087.53,246536,9337,186.88,0.3113,4.0233,0.44,0.0379
2025-05-02,106,103,151,19116.92,16998.18,6111.69,1481.65,1045.75,3998.71,222660,8142,160.36,0.3595,4.2509,0.49,0.0366
2025-05-03,135,131,180,21136.00,17469.59,5973.79,1918.05,1266.53,3909.89,230190,8481,129.40,0.3420,4.4681,0.46,0.0368
2025-05-04,74,68,100,14548.02,9592.04,2514.96,1001.85,674.84,3987.63,256169,8610,129.62,0.2622,2.4054,0.46,0.0336
2025-05-05,81,81,124,19619.27,16426.82,5478.20,1648.32,795.71,4029.33,237462,8149,202.80,0.3335,4.0768,0.49,0.0343
2025-05-06,81,78,110,14228.79,12007.21,4031.47,1194.96,809.14,3993.61,217064,7611,148.24,0.3358,3.0066,0.52,0.0351
2025-05-07,94,92,138,19219.22,12772.51,3490.58,1769.41,924.09,4133.04,264882,8679,135.88,0.2733,3.0903,0.48,0.0328
2025-05-08,93,91,149,22867.43,18147.53,5834.61,2097.24,922.85,3937.80,237821,8246,195.13,0.3215,4.6085,0.48,0.0347
2025-05-09,101,99,143,16968.94,12971.31,3842.42,1176.90,990.94,3905.39,234218,8583,128.43,0.2962,3.3214,0.46,0.0366
2025-05-10,116,115,167,21996.86,17995.97,5987.79,1449.77,1130.95,3924.45,204911,7530,155.14,0.3327,4.5856,0.52,0.0367
2025-05-11,63,63,84,11975.83,8941.32,2686.71,1037.79,577.83,3915.99,188650,6497,141.93,0.3005,2.2833,0.60,0.0344
2025-05-12,85,84,133,19727.52,17951.33,6524.14,1577.45,868.11,3908.70,193191,6406,211.19,0.3634,4.5927,0.61,0.0332
2025-05-13,92,92,120,19950.54,15534.25,4746.78,1990.53,841.21,3874.20,236224,8048,168.85,0.3056,4.0097,0.48,0.0341
2025-05-14,97,96,142,22214.41,16083.34,4767.65,1935.65,938.94,3986.74,194788,7386,165.81,0.2964,4.0342,0.54,0.0379
2025-05-15,94,93,163,20888.84,17553.98,6250.43,2173.76,960.68,4050.98,209195,6949,186.74,0.3561,4.3333,0.58,0.0332
2025-05-16,105,102,157,19866.05,15107.28,4870.27,1757.84,1043.43,3774.98,218152,7297,143.88,0.3224,4.0019,0.52,0.0334
2025-05-17,121,118,161,22369.93,19382.31,6589.93,2129.91,1129.20,3832.64,206500,7443,160.18,0.3400,5.0572,0.51,0.0360
2025-05-18,69,69,107,15674.55,13218.12,4887.20,1254.91,660.35,4046.34,225073,7970,191.57,0.3697,3.2667,0.51,0.0354
2025-05-19,86,82,125,18989.26,16503.69,5699.54,1551.70,858.67,3953.64,242244,8679,191.90,0.3453,4.1743,0.46,0.0358
2025-05-20,95,94,135,19662.01,15980.53,5321.72,1540.92,970.10,3921.79,258678,9787,168.22,0.3330,4.0748,0.40,0.0378
2025-05-21,111,111,144,21762.12,18328.56,6392.11,1791.71,1062.48,4028.28,224261,7407,165.12,0.3488,4.5500,0.54,0.0330
2025-05-22,99,96,159,21141.14,17107.65,5839.68,1950.74,979.43,3932.53,228244,8791,172.80,0.3413,4.3503,0.45,0.0385
2025-05-23,106,103,142,16999.14,13969.66,4959.36,1329.79,1021.26,3917.17,224862,7605,131.79,0.3550,3.5663,0.52,0.0338
2025-05-24,121,118,184,24367.06,19674.67,6542.33,1706.94,1168.67,3861.36,201883,7086,162.60,0.3325,5.0953,0.54,0.0351
2025-05-25,72,72,109,12159.52,10476.99,4072.87,1222.57,720.54,3796.51,212922,8065,145.51,0.3887,2.7596,0.47,0.0379
2025-05-26,94,94,137,18078.90,12658.18,3594.68,1422.30,854.99,3773.91,184705,6304,134.66,0.2840,3.3541,0.60,0.0341
2025-05-27,87,87,122,16952.17,15103.72,5446.15,1338.87,829.32,3828.81,243487,8951,173.61,0.3606,3.9448,0.43,0.0368
2025-05-28,106,105,167,19889.23,17019.45,6268.00,1533.20,1086.76,3728.08,217432,7498,160.56,0.3683,4.5652,0.50,0.0345
2025-05-29,71,70,102,13378.38,11670.11,4088.90,888.86,655.75,3856.05,196297,7618,164.37,0.3504,3.0264,0.51,0.0388
2025-05-30,101,99,148,19526.38,17209.00,6217.77,1819.20,1008.28,3852.74,206586,7171,170.39,0.3613,4.4667,0.54,0.0347
2025-05-31,117,114,177,24487.24,20576.13,7087.06,2132.76,1179.56,3891.39,200406,6698,175.86,0.3444,5.2876,0.58,0.0334
2025-06-01,75,75,109,14123.13,12126.30,4204.40,1035.20,738.36,3632.28,205543,7239,161.68,0.3467,3.3385,0.50,0.0352
2025-06-02,97,96,159,23587.53,20192.99,7262.46,1938.05,996.74,3842.26,200582,7416,208.18,0.3597,5.2555,0.52,0.0370
2025-06-03,102,100,140,18512.93,15619.55,5195.75,1676.08,1013.90,3778.26,232061,7599,153.13,0.3326,4.1341,0.50,0.0327
2025-06-04,102,97,162,23326.42,17244.74,5467.29,2375.24,1019.56,3650.19,226507,8067,169.07,0.3170,4.7243,0.45,0.0356
2025-06-05,94,93,130,19662.36,15532.97,5025.26,1882.64,866.40,4024.03,244979,7831,165.24,0.3235,3.8601,0.51,0.0320
2025-06-06,94,91,142,21003.19,18477.29,6336.36,2017.48,955.32,3834.75,198244,7183,196.57,0.3429,4.8184,0.53,0.0362
2025-06-07,123,120,189,28210.22,24668.66,9052.92,2279.94,1249.80,3797.27,237739,8041,200.56,0.3670,6.4964,0.47,0.0338
2025-06-08,66,66,87,10073.28,7648.82,2498.81,682.50,614.93,3884.15,188092,6758,115.89,0.3267,1.9692,0.57,0.0359
2025-06-09,98,94,146,22654.71,16675.47,5379.65,2058.72,959.35,3827.03,210358,6852,170.16,0.3226,4.3573,0.56,0.0326
2025-06-10,94,91,138,18043.68,14819.26,5143.62,1606.25,923.77,3984.63,236293,7561,157.65,0.3471,3.7191,0.53,0.0320
2025-06-11,97,95,163,26644.29,22688.39,7844.88,2150.47,1035.45,3935.76,234681,8820,233.90,0.3458,5.7647,0.45,0.0376
2025-06-12,88,87,125,19855.63,17025.87,6014.49,1561.90,880.35,3703.70,176787,6088,193.48,0.3533,4.5970,0.61,0.0344
2025-06-13,100,99,137,20774.29,17168.14,6059.33,1757.26,999.45,3718.64,214488,6943,171.68,0.3529,4.6168,0.54,0.0324
2025-06-14,114,112,166,23746.71,20383.30,6898.04,2172.44,1109.66,3593.43,217195,7966,178.80,0.3384,5.6724,0.45,0.0367
2025-06-15,59,59,93,13514.50,12271.07,4595.55,1152.47,590.17,3638.79,212295,8572,207.98,0.3745,3.3723,0.42,0.0404
2025-06-16,99,98,149,20096.58,15146.52,4557.56,1725.25,970.11,3713.52,188246,7163,153.00,0.3009,4.0788,0.52,0.0381
2025-06-17,86,85,121,15347.66,13117.80,4685.00,1218.20,840.99,3693.94,222400,8747,152.53,0.3571,3.5512,0.42,0.0393
2025-06-18,95,91,139,17341.26,15350.88,5744.47,1432.09,927.22,3507.71,218198,8505,161.59,0.3742,4.3763,0.41,0.0390
2025-06-19,91,90,137,21808.86,19620.99,7341.26,1559.60,902.52,3766.55,209431,7761,215.62,0.3742,5.2093,0.49,0.0371
2025-06-20,99,95,139,19039.18,15875.15,5436.88,1639.98,927.73,3681.70,202805,7634,160.36,0.3425,4.3119,0.48,0.0376
2025-06-21,119,117,179,26055.67,19420.58,5970.99,2167.60,1202.89,3470.26,200225,7608,163.20,0.3075,5.5963,0.46,0.0380
2025-06-22,67,66,100,14049.37,11246.84,3748.23,1165.70,616.58,3677.56,220486,7646,167.86,0.3333,3.0582,0.48,0.0347
2025-06-23,84,83,119,17841.22,15368.39,5320.51,1621.00,832.84,3621.91,209620,7975,182.96,0.3462,4.2432,0.45,0.0380
2025-06-24,90,90,143,18981.65,14421.05,4687.67,1462.61,877.27,3774.05,184426,6787,160.23,0.3251,3.8211,0.56,0.0368
2025-06-25,97,94,138,20592.61,18194.32,6554.54,1511.82,926.93,3844.35,187847,6859,187.57,0.3603,4.7327,0.56,0.0365
2025-06-26,89,87,132,20688.22,17923.10,6073.88,1629.55,870.21,3819.61,175895,6785,201.38,0.3389,4.6924,0.56,0.0386
2025-06-27,89,87,144,17846.77,15364.59,6045.56,1111.15,907.65,3583.08,173009,5907,172.64,0.3935,4.2881,0.61,0.0341
2025-06-28,110,110,158,21266.46,17989.30,6349.07,1789.65,1046.33,3373.70,204027,7528,163.54,0.3529,5.3322,0.45,0.0369
2025-06-29,66,65,88,12162.50,9649.88,2857.45,1419.71,640.98,3692.60,219421,8326,146.21,0.2961,2.6133,0.44,0.0379
2025-06-30,97,95,144,20666.29,18127.92,6842.29,1518.88,954.49,3415.41,197317,6522,186.89,0.3774,5.3077,0.52,0.0331
2025-07-01,71,69,115,13296.10,10201.15,3598.20,1228.75,710.10,3596.64,218637,7746,143.68,0.3527,2.8363,0.46,0.0354
2025-07-02,94,93,131,18566.88,15131.04,5014.36,1365.43,924.88,3470.92,210901,7975,160.97,0.3314,4.3594,0.44,0.0378
2025-07-03,78,76,116,16437.94,11461.36,3431.67,1397.37,751.54,3583.60,169538,6714,146.94,0.2994,3.1983,0.53,0.0396
2025-07-04,89,88,127,14313.48,12953.92,4953.53,1244.19,879.99,3523.63,205586,7608,145.55,0.3824,3.6763,0.46,0.0370
2025-07-05,99,96,132,16061.90,11753.11,3435.17,1449.68,942.61,3619.30,208857,7327,118.72,0.2923,3.2473,0.49,0.0351
2025-07-06,61,60,92,11462.32,10338.75,3849.26,957.27,599.37,3618.32,184456,6665,169.49,0.3723,2.8573,0.54,0.0361
2025-07-07,90,88,133,17736.91,14476.60,5065.66,1555.23,870.45,3539.80,165405,5263,160.85,0.3499,4.0897,0.67,0.0318
2025-07-08,93,92,126,17513.42,14196.40,4729.32,1450.58,851.57,3533.53,186645,6512,152.65,0.3331,4.0176,0.54,0.0349
2025-07-09,88,88,125,16557.01,13565.31,4756.42,1180.11,851.48,3588.92,217398,8047,154.15,0.3506,3.7798,0.45,0.0370
2025-07-10,78,78,119,16760.40,12812.40,3893.93,1606.87,786.77,3619.99,211687,7103,164.26,0.3039,3.5393,0.51,0.0336
2025-07-11,88,87,135,17810.38,15476.52,5468.77,1443.07,850.53,3805.99,207020,7498,175.87,0.3534,4.0664,0.51,0.0362
2025-07-12,112,111,164,21894.62,15638.10,4324.05,1739.25,1038.64,3283.99,182568,6272,139.63,0.2765,4.7619,0.52,0.0344
2025-07-13,54,53,87,12600.65,10597.65,3480.67,1094.52,527.73,3471.09,203835,6773,196.25,0.3284,3.0531,0.51,0.0332
2025-07-14,36,36,57,8841.49,7534.40,2711.68,608.26,351.47,3644.33,194818,6995,209.29,0.3599,2.0674,0.52,0.0359
2025-07-15,89,87,129,17337.25,12597.24,3573.57,1483.03,866.76,3532.81,177634,6043,141.54,0.2837,3.5658,0.58,0.0340
2025-07-16,91,91,132,16104.53,13533.28,4887.04,1318.07,894.74,3456.38,180266,5907,148.72,0.3611,3.9154,0.59,0.0328
2025-07-17,79,79,103,16852.83,13210.41,4581.52,1447.34,733.19,3529.31,192528,7244,167.22,0.3468,3.7431,0.49,0.0376
2025-07-18,88,88,130,16967.56,14295.53,5117.76,1461.82,869.94,3414.01,206200,7007,162.45,0.3580,4.1873,0.49,0.0340
2025-07-19,111,109,162,23505.16,19709.98,6621.18,1836.57,1118.17,3302.42,203905,6727,177.57,0.3359,5.9683,0.49,0.0330
2025-07-20,64,64,79,12734.55,11085.05,3753.92,996.28,602.23,3143.20,189254,6537,173.20,0.3386,3.5267,0.48,0.0345
2025-07-21,73,73,115,16899.62,13169.27,4132.59,1364.32,699.71,3384.39,182759,5980,180.40,0.3138,3.8912,0.57,0.0327
2025-07-22,86,85,125,15509.09,13945.84,5325.46,1284.07,852.96,3784.14,225082,7803,162.16,0.3819,3.6853,0.48,0.0347
2025-07-23,76,75,114,18134.64,13993.25,4442.05,1375.86,694.86,3373.44,223547,7378,184.12,0.3174,4.1481,0.46,0.0330
2025-07-24,74,71,116,14788.44,11556.87,3451.22,1491.00,736.82,3761.74,197381,7265,156.17,0.2986,3.0722,0.52,0.0368
2025-07-25,95,93,154,20580.64,16401.98,5362.26,1618.20,923.47,3278.74,180600,6139,172.65,0.3269,5.0025,0.53,0.0340
2025-07-26,110,107,162,23766.34,19247.17,6697.16,1870.61,1066.27,3338.61,200459,7384,174.97,0.3480,5.7650,0.45,0.0368
2025-07-27,61,61,78,9746.95,7816.55,2643.06,653.16,592.40,3409.08,219207,8425,128.14,0.3381,2.2929,0.40,0.0384
2025-07-28,85,85,119,19687.69,15992.94,5101.40,1410.49,861.89,3623.53,203964,7213,188.15,0.3190,4.4136,0.50,0.0354
2025-07-29,78,75,108,13700.31,11809.79,4590.08,961.23,760.05,3505.56,163292,6480,151.41,0.3887,3.3689,0.54,0.0397
2025-07-30,87,86,125,18095.60,15583.09,5854.46,1437.27,825.21,3388.78,194349,6942,179.12,0.3757,4.5984,0.49,0.0357
2025-07-31,83,82,127,20355.28,16864.47,5504.35,1698.30,806.26,3364.94,198078,7366,203.19,0.3264,5.0118,0.46,0.0372
2025-08-01,85,84,126,18161.21,12736.26,3268.40,1624.59,828.01,3441.16,205190,7370,149.84,0.2566,3.7012,0.47,0.0359
2025-08-02,96,91,142,19262.90,16734.71,6111.61,1473.98,934.83,3317.20,202377,6963,174.32,0.3652,5.0448,0.48,0.0344
2025-08-03,61,61,96,14991.86,13274.00,4887.97,976.08,608.23,3311.02,154448,6220,217.61,0.3682,4.0090,0.53,0.0403
2025-08-04,77,76,110,14071.91,11871.69,3958.79,1301.21,743.38,3115.94,164736,5544,154.18,0.3335,3.8100,0.56,0.0337
2025-08-05,80,78,128,18477.69,16057.12,5804.53,1392.53,827.80,3504.21,173159,6596,200.71,0.3615,4.5822,0.53,0.0381
2025-08-06,86,85,129,17407.21,14994.64,5431.20,1221.15,874.55,3394.50,207233,7116,174.36,0.3622,4.4173,0.48,0.0343
2025-08-07,63,63,97,13548.84,9836.41,3110.00,971.49,613.55,3301.02,153879,5591,156.13,0.3162,2.9798,0.59,0.0363
2025-08-08,77,75,115,17277.69,13561.83,4115.95,1381.36,781.86,3313.60,171339,6040,176.13,0.3035,4.0928,0.55,0.0353
2025-08-09,92,92,130,19439.70,13071.87,3424.22,1829.76,879.09,3257.93,186528,5807,142.09,0.2620,4.0123,0.56,0.0311
2025-08-10,62,62,88,13477.05,11837.71,4173.98,1120.88,573.32,3297.84,159147,5839,190.93,0.3526,3.5895,0.56,0.0367
2025-08-11,82,78,128,16587.48,12059.07,3824.84,1331.97,789.28,3290.44,182460,6292,147.06,0.3172,3.6649,0.52,0.0345
2025-08-12,84,84,125,17507.02,14321.67,4650.13,1518.42,857.60,3344.23,173844,6098,170.50,0.3247,4.2825,0.55,0.0351
2025-08-13,81,79,124,18770.17,15207.44,4932.79,1857.35,810.10,3389.44,184607,6356,187.75,0.3244,4.4867,0.53,0.0344
2025-08-14,80,80,122,16154.38,13963.00,4995.71,1281.45,795.86,3466.83,192473,7196,174.54,0.3578,4.0276,0.48,0.0374
2025-08-15,84,83,122,14986.91,13217.73,4972.04,1335.48,834.89,3360.58,213580,7614,157.35,0.3762,3.9332,0.44,0.0356
2025-08-16,86,84,123,19516.83,15813.50,5004.77,1835.51,813.72,3281.22,141586,5371,183.88,0.3165,4.8194,0.61,0.0379
2025-08-17,54,54,78,9802.21,9000.24,3413.23,752.35,518.66,3464.09,192378,6979,166.67,0.3792,2.5982,0.50,0.0363
2025-08-18,74,71,107,15233.66,13315.20,4612.24,1603.57,756.47,3326.64,208033,7236,179.94,0.3464,4.0026,0.46,0.0348
2025-08-19,77,76,116,16853.17,12590.02,3919.38,1233.70,779.59,3165.94,161635,6049,163.51,0.3113,3.9767,0.52,0.0374
2025-08-20,89,88,136,18353.94,14423.37,4633.49,1565.31,870.93,3158.47,179726,5950,162.06,0.3212,4.5666,0.53,0.0331
2025-08-21,71,70,105,12326.21,11004.40,4184.29,1218.17,668.71,3448.83,170118,5792,154.99,0.3802,3.1908,0.60,0.0340
2025-08-22,94,94,145,19999.94,17338.88,6425.46,1654.74,967.09,3063.08,167365,5814,184.46,0.3706,5.6606,0.53,0.0347
2025-08-23,81,81,130,16566.63,13958.32,4936.04,1539.07,806.53,3325.48,221722,7887,172.32,0.3536,4.1974,0.42,0.0356
2025-08-24,53,53,70,8653.37,6457.49,2240.68,725.59,509.17,3290.97,196107,6312,121.84,0.3470,1.9622,0.52,0.0322
2025-08-25,81,78,118,17934.01,14543.27,4880.97,1651.38,788.62,3268.68,157962,5706,179.55,0.3356,4.4493,0.57,0.0361
2025-08-26,82,82,121,16613.35,13831.20,4655.73,1281.48,774.11,3217.39,171924,6413,168.67,0.3366,4.2989,0.50,0.0373
2025-08-27,77,77,110,10975.38,8844.30,2969.77,1008.89,744.54,3015.15,157811,6278,114.86,0.3358,2.9333,0.48,0.0398
2025-08-28,68,66,112,15667.84,13550.49,4805.56,1368.92,706.46,3174.63,157219,5442,199.27,0.3546,4.2684,0.58,0.0346
2025-08-29,91,90,137,18177.35,14173.38,5064.59,1521.22,919.63,3230.43,189020,6232,155.75,0.3573,4.3875,0.52,0.0330
2025-08-30,90,87,139,17772.41,15082.94,5321.08,1893.08,840.04,3130.90,179422,5926,167.59,0.3528,4.8174,0.53,0.0330
2025-08-31,57,55,83,13912.56,11018.46,3617.04,910.41,552.72,3260.18,202165,7193,193.31,0.3283,3.3797,0.45,0.0356
2025-09-01,85,84,127,19626.27,17016.38,6201.51,1306.55,794.41,3158.03,197538,7421,200.19,0.3644,5.3883,0.43,0.0376
2025-09-02,82,81,129,15401.42,12973.66,4668.61,1332.87,803.46,3148.34,154657,5205,158.22,0.3599,4.1208,0.60,0.0337
2025-09-03,77,76,105,13220.58,12128.96,4503.92,1024.45,730.24,2988.94,163560,5908,157.52,0.3713,4.0579,0.51,0.0361
2025-09-04,77,77,109,16430.13,14428.79,4989.05,1504.13,769.42,3373.10,187722,7292,187.39,0.3458,4.2776,0.46,0.0388
2025-09-05,95,93,138,17317.92,14838.05,5218.68,1445.10,934.58,3424.54,186050,5660,156.19,0.3517,4.3329,0.61,0.0304
2025-09-06,100,97,151,21680.43,16401.25,5221.57,1422.01,992.30,3342.05,187289,6656,164.01,0.3184,4.9075,0.50,0.0355
2025-09-07,60,60,85,9848.21,8066.96,2769.83,955.06,584.93,3248.79,168805,5859,134.45,0.3434,2.4831,0.55,0.0347
2025-09-08,74,73,117,15654.51,12369.82,3933.83,1315.49,719.78,3086.11,171425,5980,167.16,0.3180,4.0082,0.52,0.0349
2025-09-09,78,78,128,17174.51,11948.31,3342.23,1513.36,795.25,3206.43,169095,5931,153.18,0.2797,3.7264,0.54,0.0351
2025-09-10,78,76,112,12555.16,10469.35,3939.19,1070.99,785.41,3090.50,161424,6081,134.22,0.3763,3.3876,0.51,0.0377
2025-09-11,68,68,92,12200.87,7998.49,1937.00,1334.96,686.65,3255.86,170354,5620,117.62,0.2422,2.4566,0.58,0.0330
2025-09-12,95,94,131,18137.32,14766.17,5327.63,1495.99,881.47,3015.86,171212,5600,155.43,0.3608,4.8962,0.54,0.0327
2025-09-13,100,96,144,18404.77,14245.56,4927.28,1580.47,974.69,3105.02,163614,5818,142.46,0.3459,4.5879,0.53,0.0356
2025-09-14,68,67,104,14665.43,12170.71,4287.09,1005.86,654.22,3084.44,176647,6397,178.98,0.3522,3.9458,0.48,0.0362
2025-09-15,76,75,111,15266.40,12804.42,4279.46,1080.38,719.96,3345.47,195944,6895,168.48,0.3342,3.8274,0.49,0.0352
2025-09-16,85,84,114,14032.89,10955.50,3532.13,1041.15,814.15,3253.94,172153,6024,128.89,0.3224,3.3668,0.54,0.0350
2025-09-17,88,87,115,15333.15,12342.20,4342.39,1177.06,846.43,3170.22,198433,6021,140.25,0.3518,3.8932,0.53,0.0303
2025-09-18,72,71,101,13786.44,9388.50,2194.24,1399.70,732.46,3124.64,168400,5600,130.40,0.2337,3.0047,0.56,0.0333
2025-09-19,76,76,110,16564.64,14783.87,5242.99,1515.14,745.61,3147.29,177063,6214,194.52,0.3546,4.6973,0.51,0.0351
2025-09-20,101,100,147,19423.32,16179.00,5393.09,1759.91,1031.85,3186.23,196549,6568,160.19,0.3333,5.0778,0.49,0.0334
2025-09-21,64,62,103,16139.70,12683.81,4228.21,1444.62,651.76,3132.95,180878,5967,198.18,0.3334,4.0485,0.53,0.0330
2025-09-22,84,83,135,18781.98,16403.81,6213.77,1451.63,849.05,3249.16,180391,6810,195.28,0.3788,5.0486,0.48,0.0378
2025-09-23,73,72,112,17381.87,15427.78,5828.54,1179.93,715.60,3308.41,181816,6591,211.34,0.3778,4.6632,0.50,0.0363
2025-09-24,82,82,129,19920.98,16221.74,5338.69,1829.19,807.90,3225.50,177725,5770,197.83,0.3291,5.0292,0.56,0.0325
2025-09-25,77,76,97,13338.17,11546.04,4279.25,1135.68,739.12,3039.46,190000,6564,149.95,0.3706,3.7987,0.46,0.0345
2025-09-26,95,95,147,18813.65,14923.30,4966.29,1711.67,930.86,3033.87,142456,4999,157.09,0.3328,4.9189,0.61,0.0351
2025-09-27,91,91,136,16434.16,13160.02,4451.03,1539.99,889.92,3144.17,187403,6326,144.62,0.3382,4.1855,0.50,0.0338
2025-09-28,59,59,83,10231.88,8557.05,3283.35,913.68,549.68,3085.77,158058,5589,145.03,0.3837,2.7731,0.55,0.0354
2025-09-29,74,74,106,17340.83,12334.91,3296.98,1281.69,736.03,3277.53,205702,7178,166.69,0.2673,3.7635,0.46,0.0349
2025-09-30,85,84,128,22066.24,16168.49,4587.45,1956.09,829.79,3111.80,190634,6029,190.22,0.2837,5.1959,0.52,0.0316
2025-10-01,102,101,140,21990.10,19002.77,6563.28,1801.66,986.93,3259.00,169649,5892,186.30,0.3454,5.8309,0.55,0.0347
2025-10-02,89,85,135,18359.83,16390.51,6193.34,1314.93,904.37,3214.22,172615,6518,184.16,0.3779,5.0994,0.49,0.0378
2025-10-03,101,101,159,21142.35,14560.54,3923.46,1861.43,1034.35,3086.16,153104,5959,144.16,0.2695,4.7180,0.52,0.0389
2025-10-04,115,112,165,18625.00,14085.45,4492.86,1560.02,1111.55,3105.43,177441,7044,122.48,0.3190,4.5357,0.44,0.0397
2025-10-05,62,62,103,13046.11,9416.72,2864.85,1001.14,631.70,3122.68,144458,5048,151.88,0.3042,3.0156,0.62,0.0349
2025-10-06,90,87,136,18004.21,16385.86,6308.55,1386.21,844.66,3118.25,186027,6651,182.07,0.3850,5.2548,0.47,0.0358
2025-10-07,84,82,128,20286.65,13518.57,3684.14,1878.75,830.27,3234.91,149294,5379,160.94,0.2725,4.1790,0.60,0.0360
2025-10-08,90,87,142,18736.08,16115.53,5912.96,1664.10,882.87,3321.52,170346,6379,179.06,0.3669,4.8519,0.52,0.0374
2025-10-09,71,68,103,14922.58,11615.90,3504.92,1223.74,692.48,3348.81,181011,6531,163.60,0.3017,3.4687,0.51,0.0361
2025-10-10,104,101,162,23500.42,20148.51,7352.85,1798.86,1054.42,3076.92,189807,6556,193.74,0.3649,6.5483,0.47,0.0345
2025-10-11,112,110,168,21971.31,19056.10,6550.88,1830.38,1090.58,3157.18,185749,6555,170.14,0.3438,6.0358,0.48,0.0353
2025-10-12,76,76,101,17576.45,15445.75,5219.36,1750.79,716.16,3229.46,160168,5652,203.23,0.3379,4.7828,0.57,0.0353
2025-10-13,82,81,120,15117.19,10941.98,3122.09,1369.63,792.42,3121.14,170595,5660,133.44,0.2853,3.5058,0.55,0.0332
2025-10-14,94,91,132,20388.13,18571.27,6561.14,1642.03,964.43,3072.70,176370,6403,197.57,0.3533,6.0440,0.48,0.0363
2025-10-15,89,89,134,17789.72,14955.48,5383.23,1372.97,860.06,3101.59,200237,7582,168.04,0.3600,4.8219,0.41,0.0379
2025-10-16,81,79,119,19379.51,17302.23,6057.18,1346.05,820.55,3180.89,201726,6982,213.61,0.3501,5.4394,0.46,0.0346
2025-10-17,101,100,148,19766.52,16091.66,5348.82,1724.30,1009.40,3155.81,160339,5089,159.32,0.3324,5.0991,0.62,0.0317
2025-10-18,89,88,123,18323.55,14851.58,5070.16,1217.62,869.03,3033.92,186889,6186,166.87,0.3414,4.8952,0.49,0.0331
2025-10-19,65,65,87,12007.92,9020.38,2625.13,959.24,622.00,3199.13,160315,5294,138.78,0.2910,2.8196,0.60,0.0330
2025-10-20,98,97,148,20933.55,16475.86,5050.77,1796.57,949.98,3238.65,165282,5742,168.12,0.3066,5.0873,0.56,0.0347
2025-10-21,91,88,131,17302.88,14963.60,5207.23,1645.18,846.57,3309.49,190656,6700,164.44,0.3480,4.5214,0.49,0.0351
2025-10-22,79,77,107,15747.10,12791.20,4016.53,1161.88,730.57,3071.94,181874,6186,161.91,0.3140,4.1639,0.50,0.0340
2025-10-23,84,82,120,17193.80,13943.86,4545.63,1345.16,788.80,3255.83,158493,6286,166.00,0.3260,4.2827,0.52,0.0397
2025-10-24,107,105,146,19200.93,16302.32,6131.98,1293.59,1051.81,3317.57,172132,6181,152.36,0.3761,4.9139,0.54,0.0359
2025-10-25,110,110,152,19225.96,15659.27,5159.25,1469.26,1052.87,3286.04,202686,6799,142.36,0.3295,4.7654,0.48,0.0335
2025-10-26,70,69,103,16531.58,15392.98,5907.02,1138.60,734.96,3320.61,181208,7120,219.90,0.3837,4.6356,0.47,0.0393
2025-10-27,98,96,132,17947.82,15695.54,5692.72,1271.73,946.49,3472.72,202509,7988,160.16,0.3627,4.5197,0.43,0.0394
2025-10-28,109,106,152,22058.76,16751.76,4878.94,2018.73,1044.73,3202.89,189169,6988,153.69,0.2912,5.2302,0.46,0.0369
2025-10-29,99,97,156,20816.51,16750.68,5337.56,1783.82,975.31,2881.12,160455,5234,169.20,0.3186,5.8139,0.55,0.0326
2025-10-30,87,87,135,19537.77,16788.12,6229.99,1423.80,843.53,3262.98,153910,6015,192.97,0.3711,5.1450,0.54,0.0391
2025-10-31,89,88,118,19173.67,17057.25,5870.16,1347.66,860.19,3176.45,177786,6580,191.65,0.3441,5.3699,0.48,0.0370
2025-11-01,151,147,207,31826.56,24580.72,6407.33,5927.23,1442.42,4266.56,239065,8074,162.79,0.2607,5.7613,0.53,0.0338
2025-11-02,90,88,135,17644.86,12501.35,3074.47,3022.90,917.45,4312.54,217243,7033,138.90,0.2459,2.8988,0.61,0.0324
2025-11-03,111,107,167,23853.32,17392.63,4239.55,4391.76,1105.97,4205.73,254058,8727,156.69,0.2438,4.1355,0.48,0.0344
2025-11-04,101,100,150,22186.00,14889.63,2963.82,4313.22,983.03,4475.84,214721,7942,147.42,0.1991,3.3267,0.56,0.0370
2025-11-05,130,125,195,32673.09,23186.23,5863.02,5828.65,1262.14,4296.03,249013,8561,178.36,0.2529,5.3971,0.50,0.0344
2025-11-06,100,97,137,22260.51,17095.72,4169.37,4249.73,961.75,4576.98,269208,10518,170.96,0.2439,3.7352,0.44,0.0391
2025-11-07,138,136,220,31319.05,20526.94,4405.95,5398.92,1446.06,4391.29,254239,8477,148.75,0.2146,4.6745,0.52,0.0333
2025-11-08,161,153,233,34000.70,23767.78,5621.79,5583.82,1562.50,4336.36,249518,8881,147.63,0.2365,5.4810,0.49,0.0356
2025-11-09,95,93,140,18607.34,13024.55,3135.57,3494.96,931.77,4362.19,241459,7810,137.10,0.2407,2.9858,0.56,0.0323
2025-11-10,119,117,169,25228.02,18026.00,4487.53,4329.72,1139.47,4454.84,264477,8484,151.48,0.2489,4.0464,0.53,0.0321
2025-11-11,134,132,201,32815.26,22754.18,4998.84,5885.10,1322.45,4559.57,236113,7958,169.81,0.2197,4.9904,0.57,0.0337
2025-11-12,108,105,159,22034.15,16634.67,4314.96,4031.69,1046.14,4359.61,228529,7835,154.02,0.2594,3.8156,0.56,0.0343
2025-11-13,117,116,170,26437.20,17502.44,3886.60,4563.70,1114.75,4569.83,274467,10015,149.59,0.2221,3.8300,0.46,0.0365
2025-11-14,124,119,187,26404.73,19539.12,5009.74,4751.20,1245.43,4601.04,234938,7997,157.57,0.2564,4.2467,0.58,0.0340
2025-11-15,135,133,191,30714.20,21889.47,5037.35,5453.22,1346.55,4494.36,276389,9684,162.14,0.2301,4.8704,0.46,0.0350
2025-11-16,91,91,139,21575.37,16597.05,4730.38,4203.75,891.99,4332.51,215291,7673,182.39,0.2850,3.8308,0.56,0.0356
2025-11-17,115,111,170,26113.03,19663.87,4702.87,5057.21,1186.81,4359.86,217300,8123,170.99,0.2392,4.5102,0.54,0.0374
2025-11-18,128,127,173,25993.82,19729.25,5239.56,4476.75,1218.68,4417.90,261146,8902,154.13,0.2656,4.4658,0.50,0.0341
2025-11-19,109,108,166,20794.31,15891.24,4442.26,4021.71,1047.92,4384.26,258977,8674,145.79,0.2795,3.6246,0.51,0.0335
2025-11-20,121,121,183,29360.42,19880.07,4078.32,5840.73,1196.59,4700.49,259447,7670,164.30,0.2051,4.2294,0.61,0.0296
2025-11-21,141,141,208,31777.61,22179.95,5449.61,5930.24,1379.98,4453.64,215172,7574,157.30,0.2457,4.9802,0.59,0.0352
2025-11-22,149,146,225,33221.25,26274.22,7278.03,5701.66,1490.00,4341.09,198577,6737,176.34,0.2770,6.0524,0.64,0.0339
2025-11-23,98,97,130,17790.69,12030.46,2363.98,3113.30,915.88,4302.59,229538,8020,122.76,0.1965,2.7961,0.54,0.0349
2025-11-24,108,101,155,21875.86,16239.67,3892.41,4290.33,1034.30,4552.61,231293,7843,150.37,0.2397,3.5671,0.58,0.0339
2025-11-25,113,111,155,22416.45,16988.51,4606.67,3948.07,1081.21,4532.12,261371,8723,150.34,0.2712,3.7485,0.52,0.0334
2025-11-26,137,134,204,29077.86,22254.27,5720.18,5692.14,1346.64,4275.88,238769,8578,162.44,0.2570,5.2046,0.50,0.0359
2025-11-27,124,118,198,33588.96,26602.53,7350.28,5481.44,1221.92,4609.23,254377,8176,214.54,0.2763,5.7716,0.56,0.0321
2025-11-28,361,340,543,69497.58,49750.11,13429.89,12867.23,3477.45,4543.63,248354,8408,137.81,0.2699,10.9494,0.54,0.0339
2025-11-29,174,172,258,33552.16,21993.95,4657.78,6271.63,1760.31,4675.25,296581,9501,126.40,0.2118,4.7043,0.49,0.0320
2025-11-30,84,82,122,14200.04,10037.58,2395.89,2704.53,802.61,4766.58,263414,9574,119.50,0.2387,2.1058,0.50,0.0363
2025-12-01,124,122,177,22165.49,16450.86,4487.76,3726.63,1230.87,4541.84,276196,8554,132.67,0.2728,3.6221,0.53,0.0310
2025-12-02,108,105,149,19749.01,14434.58,3484.61,3626.88,1057.08,4744.05,283461,10948,133.65,0.2414,3.0427,0.43,0.0386
2025-12-03,110,106,165,22057.97,16557.14,4439.13,3940.27,1085.85,4574.99,272517,8349,150.52,0.2681,3.6191,0.55,0.0306
2025-12-04,123,120,188,24839.53,18419.37,4673.27,4523.38,1273.35,4623.27,241181,7931,149.75,0.2537,3.9841,0.58,0.0329
2025-12-05,146,143,210,28908.80,20782.25,5049.05,5527.64,1378.74,4530.98,250572,8195,142.34,0.2430,4.5867,0.55,0.0327
2025-12-06,160,155,239,34344.79,22555.37,4565.36,6373.77,1578.79,4465.49,225646,7782,140.97,0.2024,5.0510,0.57,0.0345
2025-12-07,94,92,136,17704.53,13413.66,3557.68,3074.60,924.59,4838.90,220363,7808,142.70,0.2652,2.7720,0.62,0.0354
2025-12-08,101,98,157,19053.82,13504.90,3335.27,3242.31,1002.45,4502.16,251101,8230,133.71,0.2470,2.9996,0.55,0.0328
2025-12-09,211,201,307,42243.52,31572.18,8534.20,7381.79,2016.05,4613.72,238763,7663,149.63,0.2703,6.8431,0.60,0.0321
2025-12-10,200,193,297,39990.80,28428.35,7625.24,7154.25,1923.35,4524.46,221794,7521,142.14,0.2682,6.2833,0.60,0.0339
2025-12-11,132,131,203,30649.46,23039.47,5891.29,5796.82,1316.68,4793.92,244046,8319,174.54,0.2557,4.8060,0.58,0.0341
2025-12-12,132,129,197,26595.03,19218.76,4392.42,5191.67,1315.22,4553.71,238182,7941,145.60,0.2285,4.2205,0.57,0.0333
2025-12-13,145,141,205,28041.31,19237.15,4220.10,4904.55,1422.25,4771.02,291103,9117,132.67,0.2194,4.0321,0.52,0.0313
2025-12-14,96,95,137,18972.61,12008.68,2141.66,3310.11,931.97,4727.95,237713,7043,125.09,0.1783,2.5399,0.67,0.0296
2025-12-15,128,127,188,26363.18,19063.78,4449.57,5031.74,1219.01,4649.17,267139,8773,148.94,0.2334,4.1005,0.53,0.0328
2025-12-16,204,199,296,42616.28,32580.28,9004.25,7492.64,1993.21,4792.68,236708,7494,159.71,0.2764,6.7979,0.64,0.0317
2025-12-17,232,223,341,46078.91,34422.01,8511.58,8352.92,2305.18,4815.42,276970,9369,148.37,0.2473,7.1483,0.51,0.0338
2025-12-18,127,121,185,24489.96,16452.76,3309.07,4603.94,1232.20,4803.98,255579,7629,129.55,0.2011,3.4248,0.63,0.0298
2025-12-19,151,148,212,32645.83,23286.54,5025.39,6499.66,1564.75,4743.50,258708,8823,154.22,0.2158,4.9091,0.54,0.0341
2025-12-20,172,162,244,36140.84,23925.75,4879.09,6750.44,1624.56,5029.45,288114,10077,139.10,0.2039,4.7571,0.50,0.0350
2025-12-21,83,83,116,16101.21,10578.89,1867.07,2966.07,809.17,4746.90,227977,8167,127.46,0.1765,2.2286,0.58,0.0358
2025-12-22,121,119,182,20572.00,15257.36,3993.44,3644.62,1195.22,4920.06,275111,9034,126.09,0.2617,3.1011,0.54,0.0328
2025-12-23,141,138,198,29466.66,20575.93,4811.39,5672.49,1385.80,4764.71,270272,8803,145.93,0.2338,4.3184,0.54,0.0326
2025-12-24,141,138,206,26821.91,18778.67,4220.55,5306.31,1373.42,4729.39,268061,8761,133.18,0.2248,3.9706,0.54,0.0327
2025-12-25,121,119,195,26866.33,19618.03,5390.55,4767.10,1192.26,4762.05,240553,8653,162.13,0.2748,4.1197,0.55,0.0360
2025-12-26,139,132,191,26154.16,18913.70,4565.97,4670.94,1330.25,4676.40,268513,9076,136.07,0.2414,4.0445,0.52,0.0338
2025-12-27,164,162,247,38233.60,25749.33,5774.47,7279.98,1603.00,4787.13,302567,10613,157.01,0.2243,5.3789,0.45,0.0351
2025-12-28,96,94,128,18690.26,14025.79,4060.81,3393.59,908.44,4915.25,304704,10137,146.10,0.2895,2.8535,0.48,0.0333
2025-12-29,124,119,197,30914.90,22942.75,5874.49,5821.07,1209.27,4748.27,280248,8642,185.02,0.2560,4.8318,0.55,0.0308
2025-12-30,132,130,207,32399.13,22363.25,4317.33,6178.32,1313.47,5002.15,287935,9239,169.42,0.1931,4.4707,0.54,0.0321
2025-12-31,132,129,195,28425.24,21208.97,5536.91,5314.02,1327.42,4979.39,268637,9849,160.67,0.2611,4.2594,0.51,0.0367
2026-01-01,93,92,131,15452.10,13524.07,4942.63,1058.08,925.54,3611.87,197613,6619,145.42,0.3655,3.7443,0.55,0.0335
2026-01-02,107,105,161,22540.11,18632.44,6564.85,1653.39,1069.45,3519.21,195343,6650,174.13,0.3523,5.2945,0.53,0.0340
2026-01-03,110,107,161,24736.30,21166.70,7518.19,1711.38,1101.33,3477.34,148199,5227,192.42,0.3552,6.0870,0.67,0.0353
2026-01-04,60,60,85,13980.49,11863.19,4246.70,1197.66,568.36,3723.23,207084,6706,197.72,0.3580,3.1863,0.56,0.0324
2026-01-05,84,84,122,19539.19,16995.38,6331.71,1478.71,823.49,3511.37,179507,6700,202.33,0.3726,4.8401,0.52,0.0373
2026-01-06,68,67,103,14148.58,12070.50,4320.74,1045.81,678.62,3644.92,205102,8022,177.51,0.3580,3.3116,0.45,0.0391
2026-01-07,77,77,112,13945.85,12912.33,4896.39,823.48,759.74,3741.18,205780,7581,167.69,0.3792,3.4514,0.49,0.0368
2026-01-08,87,85,125,20022.19,14215.44,3559.30,1613.62,862.98,3844.11,191211,7571,163.40,0.2504,3.6980,0.51,0.0396
2026-01-09,89,86,121,15782.73,13034.41,4445.42,1419.13,872.78,3642.86,187668,6944,146.45,0.3411,3.5781,0.52,0.0370
2026-01-10,97,95,147,19504.58,15420.82,5060.79,1747.38,974.29,3699.90,184612,6807,158.98,0.3282,4.1679,0.54,0.0369
2026-01-11,64,64,93,11271.80,8965.84,2829.39,1049.54,639.93,3705.44,172814,6395,140.09,0.3156,2.4196,0.58,0.0370
2026-01-12,72,71,103,17948.88,15993.78,5551.92,1600.37,722.08,3775.11,189185,6844,222.14,0.3471,4.2366,0.55,0.0362
2026-01-13,81,81,105,13855.67,12124.69,4372.93,1170.04,807.59,3893.29,193868,7319,149.69,0.3607,3.1143,0.53,0.0378
2026-01-14,89,89,131,19950.06,17632.58,6212.06,1832.60,880.42,3774.62,208445,7700,198.12,0.3523,4.6714,0.49,0.0369
2026-01-15,83,82,123,16759.88,15096.47,5472.66,1576.34,813.53,3887.61,204460,8038,181.89,0.3625,3.8832,0.48,0.0393
2026-01-16,89,86,134,17297.10,15827.20,6180.14,1424.43,881.16,3709.71,203331,5954,177.83,0.3905,4.2664,0.62,0.0293
2026-01-17,87,87,141,20256.59,17355.94,6179.35,1636.79,893.12,3601.29,175896,6120,199.49,0.3560,4.8194,0.59,0.0348
2026-01-18,55,54,85,12046.38,10331.84,3711.27,1026.47,554.12,3593.26,173633,6531,187.85,0.3592,2.8753,0.55,0.0376
2026-01-19,78,77,118,19282.23,16083.15,5300.72,2094.30,725.90,3825.37,233524,8862,206.19,0.3296,4.2043,0.43,0.0379
2026-01-20,72,71,101,13140.89,10897.64,3655.74,1144.44,675.05,3789.10,176630,6656,151.36,0.3355,2.8760,0.57,0.0377
2026-01-21,94,94,129,19437.31,16415.27,5444.15,1751.99,914.32,3767.12,168453,6035,174.63,0.3317,4.3575,0.62,0.0358
2026-01-22,77,77,121,18449.40,14085.47,4552.84,1615.09,784.77,3817.86,215970,7932,182.93,0.3232,3.6894,0.48,0.0367
2026-01-23,85,84,118,17119.70,14535.09,5064.66,1463.76,834.93,3676.62,202892,7569,171.00,0.3484,3.9534,0.49,0.0373
2026-01-24,105,104,145,24240.14,21313.05,7470.64,2080.77,981.55,3795.98,180263,6859,202.98,0.3505,5.6146,0.55,0.0380
2026-01-25,52,51,79,12499.42,11150.00,4083.24,1100.82,520.61,3819.65,215802,7717,214.42,0.3662,2.9191,0.49,0.0358
2026-01-26,89,88,131,16136.35,13944.62,5312.48,1300.65,886.94,3788.25,202937,7155,156.68,0.3810,3.6810,0.53,0.0353
2026-01-27,77,74,119,13626.85,10578.57,3145.63,1352.47,747.05,3761.87,174323,6296,137.38,0.2974,2.8121,0.60,0.0361
2026-01-28,105,104,152,22415.52,16734.35,5131.00,1872.56,1002.87,3680.33,200882,7578,159.37,0.3066,4.5470,0.49,0.0377
2026-01-29,100,98,141,21320.23,17451.49,5716.13,1730.67,959.45,3732.23,182152,7269,174.51,0.3275,4.6759,0.51,0.0399
2026-01-30,100,97,146,18555.78,14704.14,5108.74,1355.99,961.33,3812.80,208915,7714,147.04,0.3474,3.8565,0.49,0.0369
2026-01-31,110,107,143,19263.68,16017.99,5529.54,1568.43,1077.05,3712.89,186886,6688,145.62,0.3452,4.3142,0.56,0.0358
2026-02-01,67,67,99,12180.76,10756.67,3812.18,1017.55,660.69,3868.48,236048,8174,160.55,0.3544,2.7806,0.47,0.0346
2026-02-02,88,87,121,21020.78,17926.00,5816.25,1319.82,859.58,4073.21,186034,7128,203.70,0.3245,4.4010,0.57,0.0383
2026-02-03,86,84,125,19208.05,16003.47,5616.79,1494.43,830.36,3731.34,210560,7253,186.09,0.3510,4.2889,0.51,0.0344
2026-02-04,92,91,124,16240.05,12676.15,4409.50,1174.67,901.38,3868.15,210786,8029,137.78,0.3479,3.2771,0.48,0.0381
2026-02-05,99,96,140,22594.51,17439.90,5410.07,1729.12,1021.74,3939.77,205784,8357,176.16,0.3102,4.4266,0.47,0.0406
2026-02-06,101,99,150,22900.75,19269.03,6765.42,1905.59,970.87,3961.06,240024,7792,190.78,0.3511,4.8646,0.51,0.0325
2026-02-07,129,125,199,23233.07,17449.84,5493.95,1981.01,1252.32,3823.74,216710,7529,135.27,0.3148,4.5636,0.51,0.0347
2026-02-08,66,66,100,13668.84,11517.17,4077.20,984.03,673.56,3922.88,209495,7551,174.50,0.3540,2.9359,0.52,0.0360
2026-02-09,97,95,139,19080.78,16840.59,6284.25,1525.69,916.74,4048.80,232771,7709,173.61,0.3732,4.1594,0.53,0.0331
2026-02-10,88,88,139,22452.18,19046.04,6529.86,1766.58,876.44,3916.24,242374,7901,216.43,0.3428,4.8633,0.50,0.0326
2026-02-11,81,78,115,15873.71,12770.03,4147.22,1527.99,819.53,3787.70,207594,7610,157.65,0.3248,3.3714,0.50,0.0367
2026-02-12,85,84,128,17902.61,16236.55,6137.73,1344.75,831.22,4016.94,254042,8372,191.02,0.3780,4.0420,0.48,0.0330
2026-02-13,99,99,141,18703.06,16883.37,6167.92,1340.90,924.35,3805.02,221807,7515,170.54,0.3653,4.4371,0.51,0.0339
2026-02-14,107,104,147,21312.54,15020.26,3811.43,1907.83,987.18,3951.47,208450,8145,140.38,0.2538,3.8012,0.49,0.0391
2026-02-15,82,81,119,14151.22,12801.49,4666.14,1205.59,832.44,3873.01,211044,8148,156.12,0.3645,3.3053,0.48,0.0386
2026-02-16,99,96,136,19538.19,15015.11,4606.41,1846.01,952.59,3799.63,201361,6452,151.67,0.3068,3.9517,0.59,0.0320
2026-02-17,200,187,296,38390.84,31813.58,11009.80,3024.87,1924.33,6359.72,295147,9973,159.07,0.3461,5.0024,0.64,0.0338
2026-02-18,101,101,140,19987.76,16623.23,5405.90,1783.49,969.48,3855.00,195039,6378,164.59,0.3252,4.3121,0.60,0.0327
2026-02-19,85,85,122,18733.76,13547.17,3800.72,1535.48,858.51,3973.00,215164,8011,159.38,0.2806,3.4098,0.50,0.0372
2026-02-20,101,101,152,19034.73,15173.48,5175.80,1690.49,994.87,3793.14,200533,7652,150.23,0.3411,4.0002,0.50,0.0382
2026-02-21,110,106,160,19496.03,14108.90,4049.80,1777.49,1118.63,3956.81,262107,9014,128.26,0.2870,3.5657,0.44,0.0344
2026-02-22,60,60,88,12057.32,10841.56,3996.42,985.11,567.68,4089.83,217911,7627,180.69,0.3686,2.6509,0.54,0.0350
2026-02-23,93,91,145,19928.72,16442.29,5745.43,1666.42,906.04,3834.18,231978,7168,176.80,0.3494,4.2883,0.53,0.0309
2026-02-24,107,107,174,23903.84,18010.58,6209.84,1684.61,1054.78,3909.18,213273,7390,168.32,0.3448,4.6073,0.53,0.0347
2026-02-25,89,88,133,16038.88,13822.77,5104.98,1335.73,826.20,4016.04,225158,8239,155.31,0.3693,3.4419,0.49,0.0366
2026-02-26,102,100,155,17973.45,14933.36,5190.84,1614.41,1007.33,4133.40,248161,8789,146.41,0.3476,3.6129,0.47,0.0354
2026-02-27,100,97,159,20871.05,16875.22,5714.31,1401.29,965.34,3965.42,216748,8174,168.75,0.3386,4.2556,0.49,0.0377
2026-02-28,131,129,196,26306.56,21120.70,6941.18,2210.36,1298.43,3942.84,204190,6810,161.23,0.3286,5.3567,0.58,0.0334
2026-03-01,76,76,118,14344.69,12843.85,4887.82,1240.79,753.58,3932.28,202612,7538,169.00,0.3806,3.2663,0.52,0.0372
2026-03-02,105,103,157,22543.31,18808.83,5989.59,2181.99,1036.19,3977.14,222576,8497,179.13,0.3184,4.7292,0.47,0.0382
2026-03-03,107,105,152,18160.24,15135.82,5257.56,1697.57,1011.46,4026.93,201852,7147,141.46,0.3474,3.7586,0.56,0.0354
2026-03-04,106,105,151,23193.59,20349.14,7054.78,1771.26,1040.97,4025.52,240130,8908,191.97,0.3467,5.0550,0.45,0.0371
2026-03-05,106,102,145,19367.56,17151.47,6198.97,1517.60,996.05,4048.94,241501,8594,161.81,0.3614,4.2360,0.47,0.0356
2026-03-06,103,102,152,19137.66,14639.51,4656.03,1682.21,1013.91,3961.30,239552,8297,142.13,0.3180,3.6956,0.48,0.0346
2026-03-07,135,130,195,28347.00,23402.66,7902.30,2454.86,1320.96,4047.36,217983,7949,173.35,0.3377,5.7822,0.51,0.0365
2026-03-08,79,78,122,17049.03,7288.05,-1124.67,6263.72,745.53,4078.13,197294,6791,92.25,-0.1543,1.7871,0.60,0.0344
2026-03-09,123,121,187,23756.01,20045.95,7315.66,1864.15,1185.86,3962.66,228329,7650,162.98,0.3649,5.0587,0.52,0.0335
2026-03-10,108,105,150,23181.67,18304.05,5711.45,2054.02,1038.40,3921.09,218379,8745,169.48,0.3120,4.6681,0.45,0.0400
2026-03-11,116,114,185,24417.58,20614.17,7377.50,2020.13,1207.97,3854.08,240913,8309,177.71,0.3579,5.3487,0.46,0.0345
2026-03-12,100,97,141,19855.41,16357.18,5552.97,1455.17,957.23,4039.46,224266,8543,163.57,0.3395,4.0493,0.47,0.0381
2026-03-13,118,116,196,24262.22,19410.78,6705.89,2026.99,1215.67,3949.03,241888,7917,164.50,0.3455,4.9153,0.50,0.0327
2026-03-14,133,130,187,23355.92,19995.92,7012.66,2255.77,1183.54,4101.68,234234,9091,150.35,0.3507,4.8751,0.45,0.0388
2026-03-15,80,78,120,16070.48,13510.90,4483.13,1352.03,810.72,3984.56,258957,9440,168.89,0.3318,3.3908,0.42,0.0365
2026-03-16,110,108,155,21444.94,19155.89,6933.55,1906.70,1000.05,3964.63,219961,7696,174.14,0.3620,4.8317,0.52,0.0350
2026-03-17,101,101,152,19076.54,15525.60,5436.16,1510.39,1008.83,4212.46,255809,9188,153.72,0.3501,3.6856,0.46,0.0359
2026-03-18,115,114,158,23024.46,17529.56,5425.79,1785.51,1150.27,4095.55,191195,6736,152.43,0.3095,4.2801,0.61,0.0352
2026-03-19,104,103,148,22392.75,16137.80,4566.07,1792.64,975.24,4032.57,217950,7598,155.17,0.2829,4.0019,0.53,0.0349
2026-03-20,134,130,198,29176.98,22553.30,6771.31,2290.22,1324.45,4175.43,213285,8519,168.31,0.3002,5.4014,0.49,0.0399
2026-03-21,130,124,195,25142.64,20888.63,7520.66,2091.27,1288.26,4070.81,210696,7575,160.68,0.3600,5.1313,0.54,0.0360
2026-03-22,79,79,129,17511.85,13948.64,4594.40,1357.02,808.90,3928.92,211321,7500,176.57,0.3294,3.5502,0.52,0.0355
2026-03-23,102,102,140,19288.89,17070.33,6316.43,1380.97,944.79,3921.15,219197,7417,167.36,0.3700,4.3534,0.53,0.0338
2026-03-24,113,112,163,20575.27,16562.13,5292.27,1964.24,1089.98,3818.01,203395,7008,146.57,0.3195,4.3379,0.54,0.0345
2026-03-25,94,91,128,13789.61,9853.87,2929.58,1273.14,884.67,3890.36,231056,8303,104.83,0.2973,2.5329,0.47,0.0359
2026-03-26,105,101,147,21593.46,18995.23,6573.85,1787.60,999.98,4108.48,214938,7877,180.91,0.3461,4.6234,0.52,0.0366
2026-03-27,120,120,175,23414.48,17960.34,5587.79,2161.01,1124.74,4048.81,199789,6309,149.67,0.3111,4.4360,0.64,0.0316
2026-03-28,123,121,176,21995.25,16085.00,4437.68,1783.49,1165.78,3861.58,219118,8374,130.77,0.2759,4.1654,0.46,0.0382
2026-03-29,77,74,103,15580.39,13227.70,4571.88,1438.62,723.75,3971.24,225713,7136,171.79,0.3456,3.3309,0.56,0.0316
2026-03-30,116,112,182,23108.24,17155.09,5175.74,1754.13,1144.98,3961.15,206723,7100,147.89,0.3017,4.3308,0.56,0.0343
2026-03-31,112,111,151,22574.44,18506.65,6001.60,1739.87,1145.53,4136.37,239943,8159,165.24,0.3243,4.4741,0.51,0.0340
2026-04-01,126,122,196,27695.31,23663.29,8464.44,1993.96,1259.98,3905.78,229904,7895,187.80,0.3577,6.0585,0.49,0.0343
2026-04-02,111,107,152,22184.07,18579.94,6466.08,1907.47,1022.53,4192.76,214654,7407,167.39,0.3480,4.4314,0.57,0.0345
2026-04-03,117,115,175,20041.36,16606.00,5841.77,1680.96,1173.20,4100.77,206695,7647,141.93,0.3518,4.0495,0.54,0.0370
2026-04-04,129,128,175,26957.52,19672.97,5695.36,2307.07,1248.49,3939.54,199603,7249,152.50,0.2895,4.9937,0.54,0.0363
2026-04-05,83,83,121,13694.85,12140.49,4556.09,1136.68,810.16,3903.57,190799,7788,146.27,0.3753,3.1101,0.50,0.0408
2026-04-06,95,95,139,19323.53,17504.04,6586.68,1374.36,924.91,4057.17,222684,8458,184.25,0.3763,4.3143,0.48,0.0380
2026-04-07,109,105,153,19385.13,15600.97,5228.07,1596.93,1029.66,4053.96,226548,8348,143.13,0.3351,3.8483,0.49,0.0368
2026-04-08,116,115,157,22448.11,20012.89,7186.58,1942.59,1050.37,4062.91,215152,8260,172.52,0.3591,4.9258,0.49,0.0384
2026-04-09,99,97,150,18281.18,11504.58,2838.29,1515.93,1030.00,4071.56,229107,7779,116.21,0.2467,2.8256,0.52,0.0340
2026-04-10,125,121,187,30074.40,26508.47,9272.25,2763.70,1240.82,3973.38,226195,8095,212.07,0.3498,6.6715,0.49,0.0358
2026-04-11,142,138,204,30302.28,27615.27,10219.67,2269.82,1348.45,3931.60,213294,6965,194.47,0.3701,7.0239,0.56,0.0327
2026-04-12,82,79,118,13989.29,11453.67,3956.46,1294.41,755.56,3984.65,203815,7039,139.68,0.3454,2.8744,0.57,0.0345
2026-04-13,107,107,161,21660.59,16530.07,5247.82,1746.57,1042.40,4037.23,218061,7797,154.49,0.3175,4.0944,0.52,0.0358
2026-04-14,99,97,141,18446.47,15086.39,5004.11,1665.31,958.37,4141.24,234024,8488,152.39,0.3317,3.6430,0.49,0.0363
2026-04-15,130,128,186,25578.85,19842.60,6162.54,2147.31,1242.81,3933.82,227872,7881,152.64,0.3106,5.0441,0.50,0.0346
2026-04-16,108,105,178,22771.40,19687.61,7306.32,1712.55,1132.77,4066.65,204730,6906,182.29,0.3711,4.8412,0.59,0.0337
2026-04-17,122,120,189,26002.29,21609.34,7331.38,2072.55,1211.53,3991.36,214594,8054,177.13,0.3393,5.4140,0.50,0.0375
2026-04-18,130,129,190,27242.87,19459.32,5503.52,2523.03,1280.26,3948.09,207791,7734,149.69,0.2828,4.9288,0.51,0.0372
2026-04-19,77,75,113,13532.15,11709.37,4663.13,1255.52,777.66,3918.74,185469,5674,152.07,0.3982,2.9880,0.69,0.0306
2026-04-20,120,117,182,24286.09,19100.57,6241.54,2334.10,1182.73,3729.33,218668,7676,159.17,0.3268,5.1217,0.49,0.0351
2026-04-21,114,113,167,20457.91,17296.61,6587.14,1621.54,1103.31,3924.96,190625,6688,151.72,0.3808,4.4068,0.59,0.0351
2026-04-22,112,109,170,25216.19,22043.46,7750.02,2270.55,1087.29,3846.66,259783,9959,196.82,0.3516,5.7305,0.39,0.0383
2026-04-23,118,118,187,29774.38,25992.62,9306.94,2602.59,1156.21,4087.51,249113,8378,220.28,0.3581,6.3590,0.49,0.0336
2026-04-24,108,105,144,18338.30,15169.92,5254.66,1555.68,1058.60,4160.51,238350,8676,140.46,0.3464,3.6462,0.48,0.0364
2026-04-25,147,145,225,29404.17,24900.56,8528.51,2406.26,1481.80,3879.87,199742,6745,169.39,0.3425,6.4179,0.58,0.0338
2026-04-26,70,69,99,14002.55,11589.10,3639.90,1034.41,704.05,4196.86,206127,7983,165.56,0.3141,2.7614,0.53,0.0387
2026-04-27,106,104,146,18517.79,15698.22,5662.61,1408.53,1061.42,4107.89,196152,7173,148.10,0.3607,3.8215,0.57,0.0366
2026-04-28,110,107,168,22769.73,19650.10,7280.17,1670.39,1073.35,4131.45,202526,7474,178.64,0.3705,4.7562,0.55,0.0369
2026-04-29,105,103,155,18948.56,14832.17,4838.92,1842.95,985.39,3953.50,231003,8475,141.26,0.3262,3.7517,0.47,0.0367
2026-04-30,98,96,147,18678.18,16236.95,6032.85,1459.37,993.23,4124.23,236708,9475,165.68,0.3716,3.9370,0.44,0.0400
